CID,f_activity,FormalCharge,NumRotatableBonds,NumHAcceptors,NumHDonors,TPSA,LabuteASA,MolLogP,qvina,rfscore_qvina,plants,rfscore_plants
MAT-POS-02ae579f-1,0,0,8,3,1,62.55,216.47976948816049,6.463200000000006,-7.7,7.746907487123988,-93.0745,7.54452036052836
MAT-POS-02ae579f-2,0,0,2,3,3,82.7,115.58124710043785,1.5105,-7.2,6.285344945110446,-80.1747,6.40734162698414
LOR-NOR-f9b26152-1,0,0,1,3,1,55.4,78.67238532528627,0.9691,-5.5,4.929599038739038,-59.7841,5.100658246586746
MAT-POS-af71705c-2,0,0,4,5,2,78.73,174.56154783008373,4.0028000000000015,-8.3,7.213163920745925,-80.6905,7.446773991647242
JOH-UNI-591f77bd-1,0,0,4,5,2,66.84,144.83437982002675,2.5691999999999995,-5.9,6.262380806637805,-75.5715,5.398284107004106
EDJ-MED-0e996074-1,0,0,3,5,1,69.04,121.68324077034487,2.1178,-6.7,6.9097355883560905,-73.9793,7.116272266178258
MAT-POS-3d050446-1,0,0,6,4,2,77.81,148.64645048480557,3.6056800000000018,-6.5,7.214169401265397,-83.7008,6.5996780291375305
LOR-NOR-30067bb9-1,0,0,1,3,1,49.41,93.24213355271709,1.4216,-6.1,5.526923068875562,-68.8458,5.93264644560994
LOR-NOR-30067bb9-2,0,0,3,4,1,72.47,126.45535045726105,2.4868200000000003,-7.4,6.286364335997334,-79.1245,6.624474805805303
LOR-NOR-30067bb9-3,0,0,5,3,0,46.61,132.80706607069428,3.338400000000002,-7.0,6.3019603542568525,-81.623,6.426581883671881
LOR-NOR-30067bb9-5,0,0,4,3,0,46.61,132.80706607069428,3.2567200000000014,-7.0,6.127184905261401,-77.9002,6.271770377955372
LOR-NOR-30067bb9-6,0,0,4,3,0,46.61,136.37134744945394,3.577300000000002,-6.4,6.156683113109112,-75.672,6.257379325230316
LOR-NOR-30067bb9-7,0,0,4,4,0,55.84,147.84983479335742,3.5042200000000028,-6.6,5.97920129004329,-74.4811,6.600449714063719
LOR-NOR-30067bb9-12,0,0,2,3,1,66.48,125.00691864072466,1.8931,-5.9,6.276158800810298,-72.1664,6.73290307908758
MAT-POS-c9973a83-1,0,0,4,3,1,51.22,122.2961095041343,3.233220000000001,-6.3,6.207435467032961,-76.8062,6.500052550560549
COM-UCB-8c7d23dc-15,0,0,3,5,2,87.97,130.57663625714434,2.3717,-7.8,7.252232968364978,-79.6518,7.3113796219336304
COM-UCB-8c7d23dc-18,0,0,2,6,2,105.81,141.05690634483943,2.2719400000000003,-7.5,7.113856055833058,-76.058,7.175761213286709
JAG-UCB-119787ef-1,0,0,3,5,1,69.04,131.98650699722654,2.771200000000001,-6.9,7.237946399711398,-74.0125,7.0729845357975325
BRU-THA-a358fbdd-2,0,0,3,5,1,69.04,128.0481828847415,2.2919,-6.9,6.654312262681764,-76.315,6.941069073926068
BRU-THA-a358fbdd-7,0,0,3,5,1,69.04,125.8487761732711,2.2569,-7.0,6.9716538139083095,-70.4004,7.12697829076478
LON-WEI-0a73fcb8-2,0,0,3,4,0,51.66,139.3436792955005,3.2727000000000017,-6.3,6.7052573621933655,-64.4325,6.859307991841492
LON-WEI-0a73fcb8-3,0,0,2,5,1,68.52000000000001,140.7620756980949,3.026600000000001,-7.5,6.929053736485738,-77.7242,7.037559814907307
LON-WEI-0a73fcb8-4,0,0,4,5,1,69.03999999999999,144.71639122601974,2.7573200000000013,-7.1,6.929840469030969,-72.4609,7.01606054290154
LON-WEI-0a73fcb8-5,0,0,2,3,0,42.43000000000001,138.16845817847866,3.917500000000003,-7.1,6.561453818903319,-77.0376,6.811579918747918
LON-WEI-0a73fcb8-6,0,0,3,4,1,51.22,138.0254679642064,4.424700000000003,-5.9,6.639889395881894,-78.32300000000002,6.8132384315684345
LON-WEI-0a73fcb8-7,1,0,3,4,2,71.45,132.44945421719768,2.7321000000000013,-7.4,6.67794158269508,-73.4504,6.826286764790767
LON-WEI-1908424e-1,0,0,5,5,1,90.06,108.5864635634586,1.1077,-6.3,5.994515039238545,-76.0605,6.386525655344659
LON-WEI-1908424e-3,0,0,3,9,1,102.52,164.22316067706996,1.2077999999999998,-8.5,7.341434334165841,-90.5268,7.534083721611728
LON-WEI-1908424e-4,0,0,4,7,2,107.85,169.25294136824138,2.9106700000000005,-8.2,7.447450012376512,-92.2923,7.462577554723049
LON-WEI-1908424e-6,0,0,9,7,1,100.0,173.584476950165,2.9160000000000013,-6.1,6.139384268065269,-81.7786,7.090087715173711
LON-WEI-1908424e-11,0,0,4,5,1,79.6,168.28490614187768,3.2268000000000017,-8.7,6.997878158896662,-80.4081,7.138113851703857
LON-WEI-1908424e-15,0,0,2,6,2,102.48,114.03257839734287,1.0921199999999998,-6.6,6.845238041181048,-68.7259,6.866521728771236
NAU-LAT-8502cac5-2,0,0,3,5,1,69.04,125.62156488282992,2.3811,-6.8,6.780413418858919,-71.7417,7.038502249028746
NAU-LAT-8502cac5-6,0,0,3,5,1,69.04,142.5896638992334,3.035400000000002,-6.7,6.724825119269626,-74.3985,6.981602518537022
NAU-LAT-8502cac5-8,1,0,3,6,1,93.95,133.19509392262458,1.5127,-6.5,6.38908646181596,-66.4951,6.902798152958153
ADA-UCB-6c2cb422-1,1,0,3,2,1,41.99,127.13434457756941,4.069400000000002,-7.2,6.006206573426577,-79.935,6.30770757792208
ADA-UCB-6c2cb422-3,0,0,3,3,2,54.02,124.1532133066178,2.21692,-6.8,6.7438358583083575,-78.0275,5.877720999278499
IAN-BAS-5394d4c4-1,0,0,6,4,3,91.81,183.63939792955588,4.265400000000001,-8.2,7.434489910117666,-94.2162,7.094034530969036
JAG-UCB-c37fbdcd-1,0,0,4,3,1,65.64,160.46821225357934,3.6323000000000025,-7.8,7.0218534309024285,-80.7597,7.060123161505161
JAN-GHE-c863d918-1,0,0,4,3,2,71.92,122.41012843702974,1.5259799999999992,-7.3,7.0545418126873125,-79.8801,6.765559736874237
VLA-UCB-00f2c2b3-2,0,0,3,3,2,70.67,115.59328243544986,2.44752,-6.5,6.8591915993451025,-78.4324,7.15566978660229
LON-WEI-ff7b210a-2,0,0,4,6,0,94.31,153.6441092844261,3.3704000000000027,-8.1,6.570770333111332,-69.4571,6.629805514929514
LON-WEI-ff7b210a-3,0,0,3,3,1,55.4,127.96916743942964,2.895900000000001,-7.2,6.287139208513705,-69.7113,6.329333479575978
LON-WEI-ff7b210a-4,1,0,5,5,1,89.02,161.7197627290279,3.3766000000000016,-7.3,7.063189247474753,-83.0774,7.318664579365077
LON-WEI-ff7b210a-5,1,0,3,6,0,86.22,97.5341994771953,0.7101999999999999,-5.3,5.874694821789322,-58.2721,5.922243095349095
LON-WEI-ff7b210a-11,0,0,3,4,0,29.43,118.15987962834848,4.012100000000002,-5.6,5.8081883902486275,-73.1492,5.878262001968612
ALP-POS-d2866bdf-1,1,0,6,6,0,54.26000000000001,167.16885435251731,3.792200000000003,-7.2,7.2686128603341125,-83.5572,7.447216941391942
ROD-LAS-d5538ff9-3,0,0,3,3,2,70.14,94.35076007284832,1.4400999999999995,-6.2,6.115038894494402,-66.009,6.1835147855477866
ROD-LAS-d5538ff9-9,0,0,3,5,2,110.05,129.8886221233455,3.1820000000000004,-7.4,7.107327855477857,-67.7684,7.234658999000995
LON-WEI-babf2c61-1,1,0,8,3,1,62.3,210.19154142245682,5.790800000000004,-7.4,7.472430395548898,-94.59,7.516126147186147
LON-WEI-babf2c61-2,1,0,8,3,1,62.3,206.25321730997175,5.445820000000005,-7.2,7.452053867410365,-90.8091,7.457731932900431
LON-WEI-babf2c61-3,1,0,8,4,1,86.09,210.64579699144048,5.009080000000004,-7.5,7.540666749639254,-92.265,7.707090911976918
LON-WEI-babf2c61-4,0,0,8,4,2,82.53,204.68250894777114,4.843000000000004,-7.3,7.542470425491168,-89.8355,7.442179178210674
LON-WEI-babf2c61-5,1,0,8,3,1,62.3,203.5933212880457,5.512100000000004,-7.6,7.579006909090909,-89.1298,7.662146025974032
LON-WEI-babf2c61-6,1,0,8,3,1,62.3,199.6549971755606,5.167120000000004,-7.6,7.447134433122437,-95.1264,7.609707195526697
LON-WEI-babf2c61-7,1,0,8,4,1,86.09,204.04757685702938,4.730380000000004,-8.0,7.395199192307695,-91.8761,7.6922905290820305
LON-WEI-babf2c61-8,0,0,8,4,2,82.53,198.08428881336,4.564300000000004,-7.5,7.2227735959595964,-92.6232,7.50584463791764
LON-WEI-babf2c61-9,1,0,8,3,1,62.3,193.29005506116403,4.858700000000004,-7.6,7.369327495337997,-92.5444,7.4949771293706275
LON-WEI-babf2c61-10,0,0,8,5,1,88.33,191.85360874636777,4.125400000000004,-7.4,7.0710823957708975,-93.0104,7.563842728354982
LON-WEI-babf2c61-11,0,0,8,5,1,88.33,202.15687497324944,4.778800000000004,-7.5,7.30606095887446,-93.649,7.643590314701643
LON-WEI-babf2c61-13,0,0,8,5,1,88.33,198.2185508607644,4.4338200000000025,-7.5,7.732897061244309,-93.4028,7.617646731007555
JAG-UCB-4709a583-1,0,0,3,6,1,75.42,136.4624767168117,1.9951,-7.4,7.027694558941063,-68.453,5.667233812576315
DAR-DIA-8e329c92-9,0,0,4,2,2,61.96,150.03920709686332,3.6538000000000017,-8.5,6.7534064190254215,-81.1663,6.795490791541799
JAG-UCB-ef2c0e8e-2,0,0,2,2,2,58.2,101.54059871089576,1.6662,-6.5,5.0878386810966765,-69.5694,5.498195567821068
JAG-UCB-ef2c0e8e-7,0,0,3,5,3,104.7,120.91416997808363,0.8438999999999994,-7.1,5.476763547563554,-77.7587,6.004486781440788
JAG-UCB-ef2c0e8e-8,0,0,4,3,1,80.47,119.36713124081557,1.02212,-7.0,6.614983365023872,-82.0832,6.63247633716284
ERI-BAS-37e2bb46-1,0,0,4,6,2,93.18,166.53790633404267,3.2757000000000014,-8.6,7.5771914835605525,-92.0678,7.438918750360752
ERI-BAS-bd3ef700-1,0,0,6,4,3,103.01000000000002,174.25880948208766,3.2242200000000016,-8.4,7.355127581363077,-93.5425,7.3671236060606065
ALP-POS-c59291d4-1,0,0,6,5,0,51.02,183.73623065958472,5.393200000000005,-7.7,7.2610717304639785,-92.0553,7.50257176676102
ALP-POS-c59291d4-2,1,0,7,6,1,80.12,177.48534708036235,4.074700000000003,-7.8,7.5907442281052315,-87.6591,7.613142833999333
ALP-POS-c59291d4-3,1,0,7,6,1,80.12,182.8444580412297,4.074700000000003,-7.6,7.40334472760573,-90.1721,7.508653964590968
ALP-POS-c59291d4-4,1,0,6,6,1,63.05,160.5939407515254,3.7679000000000022,-7.2,7.214320048090799,-76.8991,7.419735639915642
ALP-POS-c59291d4-6,1,0,5,4,1,75.44,189.20667208891004,5.274900000000005,-6.4,7.2990336497391475,-83.8586,7.333551820307147
ALP-POS-c0c213c9-9,0,0,8,7,0,78.07000000000002,202.58856429596176,4.4268000000000045,-7.4,7.198179756243763,-85.4538,7.572482766400269
ALP-POS-c0c213c9-14,0,0,6,5,0,63.91,169.03033938437642,3.653000000000002,-7.6,7.0369378827561375,-83.2011,7.362310557303809
MAT-POS-c79fcd02-1,0,0,8,7,1,87.5,178.89932161382774,3.5572000000000017,-8.3,7.626708045315791,-82.439,7.670936061938059
ALP-POS-91609ae9-1,0,0,4,2,1,52.23,128.08558292770442,2.8093200000000014,-6.8,5.878131207292707,-85.2934,6.390905189477191
ALP-POS-91609ae9-2,0,0,4,4,1,62.46,137.8566764741143,3.1249200000000017,-6.6,6.850103660062167,-85.8225,6.572483356476859
ALP-POS-91609ae9-3,1,0,3,3,1,65.12,137.22546477999762,3.0535000000000005,-7.2,6.925882855533353,-83.1104,7.290711098845608
EDJ-MED-6af13d92-1,1,0,6,4,2,80.41999999999999,150.31451725293513,2.6539200000000007,-7.0,6.8863475808080805,-74.9218,7.017017156343657
EDJ-MED-6af13d92-2,0,0,6,4,2,80.41999999999999,148.1151105414647,2.4846000000000004,-7.3,6.737682898601401,-79.4707,6.714932821178823
EDJ-MED-6af13d92-3,1,0,7,5,2,89.64999999999998,155.42806248244204,2.3541,-6.9,6.233597991563983,-74.7364,6.5149488023088
BEN-BAS-baaab58b-1,0,0,6,4,5,135.53,147.16083297581227,0.20060000000000014,-7.6,7.264164907037412,-91.0061,7.394758276778782
MAT-POS-ee51dedd-1,1,0,3,3,0,47.34,117.7221442299415,1.44128,-6.6,6.8939422539682536,-78.2598,6.945857029082032
MAT-POS-ee51dedd-2,1,0,3,4,0,57.69000000000001,115.00081948250616,0.8197999999999999,-6.1,7.0223371940836845,-66.3923,7.151083320457316
MAT-POS-ee51dedd-3,1,0,4,2,1,32.34,149.91560466895618,4.609200000000003,-7.5,6.991033459151963,-86.7926,6.967013147186142
LOR-NEU-c8f11034-5,0,0,2,2,0,37.38,118.52791799115387,3.178600000000001,-6.8,6.0854309038739025,-76.9149,5.9382286524586485
BEN-BAS-0534ec5c-1,0,0,5,5,3,104.7,182.8274994789071,3.658800000000001,-8.8,7.436958776612284,-89.3069,7.486291722888228
EDJ-MED-c9f55a56-1,0,0,3,3,2,70.67,99.27656001811128,1.6027399999999996,-6.2,5.4910301221001285,-69.4555,6.042434140637143
ALP-POS-90c18d1d-1,0,0,5,4,2,65.46000000000001,148.25224488859897,2.9166200000000013,-6.9,6.766729430735924,-84.6463,6.9779453639971205
NAU-LAT-445f63e5-5,0,0,5,4,1,62.3,130.5974964711878,2.6237000000000013,-6.6,6.9471383191808185,-72.0557,6.917337473248973
NAU-LAT-445f63e5-7,0,0,5,4,1,68.29,136.31615014488796,2.1518,-6.6,6.473231372405372,-77.2011,7.042157949494955
BAR-COM-0f94fc3d-3,0,0,6,3,2,67.42999999999999,158.6066577781861,3.517900000000002,-7.3,6.826834759740268,-87.5862,7.145147393939395
BAR-COM-0f94fc3d-18,0,0,3,3,1,46.92,120.78068777562021,3.1225200000000006,-6.6,6.818056995948497,-77.2808,6.80309057142857
BAR-COM-0f94fc3d-25,0,0,3,3,1,59.06,133.06813944993522,3.2828200000000014,-6.3,6.541201735486734,-67.0471,6.709135000332997
BAR-COM-0f94fc3d-28,0,0,3,4,1,60.45,132.76876569450857,2.995820000000001,-6.6,6.5834912874902844,-70.5452,6.445777417804412
BAR-COM-0f94fc3d-38,0,0,4,3,2,62.22,128.34174014122004,3.279720000000002,-6.1,6.7523699378399415,-73.0402,6.439051644799644
BAR-COM-0f94fc3d-41,0,0,3,3,1,46.92,126.91841859957563,3.636820000000002,-6.3,6.674342608114112,-77.4927,6.8245182992007996
BAR-COM-0f94fc3d-43,0,0,4,5,1,69.03999999999999,151.3812240155415,3.3345000000000016,-7.0,7.049328445998447,-83.6536,7.115718388111883
BAR-COM-0f94fc3d-45,0,0,4,4,1,75.00999999999998,133.28084259044078,3.0172800000000013,-6.1,6.7403090531135526,-66.7686,6.727335005550006
BAR-COM-0f94fc3d-48,0,0,3,4,1,71.53,137.57657623524887,2.40752,-6.9,6.871643996947499,-77.0142,7.114649565934063
BAR-COM-0f94fc3d-49,0,0,4,3,1,41.99,135.0914032627716,3.863500000000003,-6.6,6.439789686646693,-76.3081,6.031610885614394
BAR-COM-0f94fc3d-55,0,0,5,3,2,79.29,155.18492677299895,4.142420000000002,-7.6,6.833532881673883,-85.2391,7.077710572871579
BAR-COM-0f94fc3d-58,0,0,4,4,2,77.24,131.20028157990672,2.7996200000000013,-5.9,5.9280238737373745,-78.0615,5.467559434565435
ERI-UCB-5b47150d-2,0,0,3,3,0,42.43,89.87560478657713,1.38772,-4.4,5.523800057331556,-52.9929,5.2237630788100775
ERI-UCB-5b47150d-5,0,0,3,2,0,33.2,94.28670592086388,1.95842,-4.8,5.339857265123758,-62.403,5.427587996225991
ERI-UCB-5b47150d-6,0,0,3,2,1,41.99,87.71179231987195,1.93412,-5.4,5.626392469696967,-66.4458,5.218632790043286
MAT-POS-590ac91e-1,0,0,3,3,1,51.22,83.30069118558522,1.36342,-4.8,5.013452682539684,-59.9411,5.593926421522918
MAT-POS-590ac91e-2,0,0,3,3,1,51.22,83.30069118558522,1.36342,-4.7,4.841519117049613,-59.7685,5.612791516761013
MAT-POS-590ac91e-4,0,0,2,3,1,51.22,94.01891310731995,1.5075199999999995,-6.0,5.436409799422799,-64.5098,6.004205346153847
MAT-POS-590ac91e-5,0,0,4,2,1,41.99,96.27614114573893,2.7647200000000014,-5.1,5.837426200632697,-63.5078,5.869869071817068
MAT-POS-590ac91e-7,0,0,4,3,2,62.22,94.7054327835383,1.4895199999999995,-5.5,5.413945497113995,-67.4225,5.455476261183257
MAT-POS-590ac91e-9,0,0,4,3,1,51.22,95.0247442608492,1.89762,-4.9,5.684042723776217,-64.2372,6.003697278221776
MAT-POS-590ac91e-10,0,0,5,3,1,51.22,95.02474426084919,1.89762,-5.4,5.4098397835497805,-61.4707,5.447137392829392
MAT-POS-590ac91e-11,0,0,4,2,1,41.99,97.28197229926813,3.010720000000002,-5.1,5.387551457431458,-65.1105,6.187854268842269
MAT-POS-590ac91e-12,0,0,2,4,2,80.32000000000002,92.00624431570778,0.4369199999999999,-6.2,5.7980555518925545,-58.3726,5.730288740259747
MAT-POS-590ac91e-18,0,0,3,2,1,41.99,101.63525210660627,2.7647200000000014,-5.6,6.0985484521589495,-60.7072,6.529407108225107
MAT-POS-590ac91e-20,0,0,2,2,1,41.99,101.63525210660627,2.683040000000001,-5.5,6.1502974427794435,-54.7652,6.195822852813856
MAT-POS-590ac91e-21,0,0,2,2,1,41.99,101.63525210660629,2.9088200000000013,-5.9,5.503310452547455,-69.6787,6.187935234876237
MAT-POS-590ac91e-22,0,0,2,2,1,41.99,101.63525210660629,2.9088200000000013,-5.5,5.473139109446112,-70.4662,6.2171635784215775
MAT-POS-590ac91e-23,0,0,3,2,1,41.99,101.63525210660627,2.7647200000000014,-6.1,5.899075567099565,-70.3124,6.29778003946054
MAT-POS-590ac91e-24,0,0,3,2,1,41.99,101.63525210660629,2.9088200000000013,-5.9,5.862968421633923,-66.4227,6.085777155122652
MAT-POS-590ac91e-25,0,0,3,2,1,41.99,101.63525210660629,2.9088200000000013,-5.9,6.216852636585637,-68.6718,6.073751571373076
MAT-POS-590ac91e-29,0,0,2,3,1,51.22,100.38385522171656,1.89762,-5.7,5.526650475468972,-62.1478,6.070124306415804
MAT-POS-590ac91e-30,0,0,3,4,2,80.41999999999999,147.10927938793546,2.237,-8.4,6.6923649642579655,-81.2999,6.5778590865800926
MAT-POS-590ac91e-32,1,0,6,4,2,80.41999999999999,148.1151105414647,2.4846000000000004,-7.3,6.962450032106784,-79.1005,6.069525603896104
MAT-POS-590ac91e-33,0,0,3,4,1,71.63,153.6841929889274,2.5792,-8.3,6.3287063054168,-80.262,6.709470213980457
MAT-POS-590ac91e-34,0,0,3,4,1,71.63,153.68419298892738,2.5792,-8.5,6.95276626695527,-74.5842,7.201911121933618
MAT-POS-590ac91e-35,0,0,3,4,2,80.41999999999999,153.47422150233209,2.409300000000001,-7.7,6.7630187012987015,-70.0016,6.858591358003111
MAT-POS-590ac91e-37,0,0,6,4,1,71.63,154.69002414245662,2.8268000000000004,-6.9,6.871995452353205,-88.31700000000002,7.104232001082256
MAT-POS-590ac91e-38,1,0,6,4,2,80.41999999999999,154.48005265586133,2.8731000000000013,-7.5,6.9187053982128965,-78.7388,6.239926422799425
MAT-POS-590ac91e-39,0,0,6,4,2,80.41999999999999,154.48005265586133,2.8731000000000013,-7.0,6.946516838383839,-78.3677,6.611787848373848
MAT-POS-590ac91e-40,1,0,6,4,2,80.41999999999999,154.48005265586127,2.8731000000000013,-7.5,7.2808903950216415,-81.2937,6.695438106782111
MAT-POS-590ac91e-41,1,0,6,4,2,80.41999999999999,154.48005265586133,2.8731000000000013,-7.2,7.06016679148629,-80.5952,6.7350479627039626
MAT-POS-590ac91e-42,0,0,6,4,2,80.41999999999999,154.25284136542018,2.9989000000000012,-7.0,6.957272591436339,-79.1879,6.7384957852147815
MAT-POS-590ac91e-43,0,0,6,4,1,71.63,160.82775496641207,3.3411000000000017,-6.9,6.1508969552669575,-73.039,6.329786351148848
MAT-POS-590ac91e-45,0,0,5,4,1,71.63,168.61348392919095,3.5287200000000016,-7.5,6.7195126345876375,-71.8507,7.109110268786769
MAT-POS-590ac91e-46,1,0,5,4,2,80.42,166.2041057311253,3.1895000000000007,-8.0,7.2884073198190675,-86.4321,6.3429671796536775
MAT-POS-590ac91e-47,0,0,5,4,2,80.42,166.2041057311253,3.1895000000000007,-8.0,7.248882836219339,-88.6229,7.325736316017318
MAT-POS-590ac91e-48,0,0,5,4,1,71.63,166.41407721772057,3.3594000000000017,-7.6,6.911584974220222,-75.2387,6.756020261460764
MAT-POS-590ac91e-49,0,0,5,4,1,71.63,166.41407721772057,3.3594000000000017,-7.5,6.831763721694974,-77.1269,6.743000377899881
MAT-POS-590ac91e-50,0,0,5,4,1,71.63,166.41407721772057,3.3594000000000017,-7.7,7.1645427639860175,-83.083,7.2239138560606095
MAT-POS-590ac91e-51,0,0,4,4,1,71.63,166.18686592727948,3.483600000000002,-7.9,6.821839205266959,-89.0312,7.297306747474747
MAT-POS-590ac91e-53,0,0,5,4,2,80.42,172.34183655508076,3.703800000000002,-7.6,7.3219310130702615,-83.7945,6.767129953324455
MAT-POS-590ac91e-54,0,0,4,4,1,71.63,172.55180804167603,3.873700000000003,-7.7,6.788067789488287,-76.7622,6.786709625541122
MAT-POS-590ac91e-56,0,0,3,4,1,90.55,165.9777120925321,1.8139000000000003,-8.8,7.095541619103117,-73.1393,6.9239656193251164
MAT-POS-590ac91e-57,0,0,3,4,1,90.55,165.9777120925321,1.8139000000000003,-8.8,7.032745892551889,-71.5976,6.8570809714729695
MAT-POS-590ac91e-58,0,0,3,4,1,90.55,172.1154429164875,2.3282000000000007,-8.8,7.03994765373515,-76.72,6.955385369241864
MAT-POS-590ac91e-59,0,0,3,5,1,114.33999999999996,176.73523388839746,1.6855799999999999,-8.5,6.923013712290976,-81.2158,7.204266012059836
MAT-POS-590ac91e-60,0,0,3,5,1,114.33999999999996,176.7352338883974,1.6855800000000003,-8.9,6.984410013212278,-71.4891,7.148206339493843
MAT-POS-590ac91e-61,1,0,3,5,1,114.33999999999996,176.73523388839746,1.68558,-8.7,7.25808461310911,-80.7952,7.249243904761907
MAT-POS-590ac91e-62,0,0,3,5,1,114.33999999999996,176.73523388839746,1.68558,-8.8,6.968186250530512,-72.0097,6.993306897879894
MAT-POS-590ac91e-63,0,0,3,4,1,90.55,178.7075963213253,2.43074,-8.5,6.894332542127809,-79.0287,7.168511324081145
MAT-POS-590ac91e-64,0,0,3,4,1,90.55,178.70759632132538,2.43074,-8.6,6.84150125840826,-81.6083,7.098656031151854
MAT-POS-590ac91e-67,0,0,3,4,1,90.55,176.2809783194138,2.4673000000000007,-8.5,6.893527327897591,-82.184,6.9709421859806815
MAT-POS-590ac91e-68,0,0,3,4,1,90.55,176.2809783194138,2.4673000000000007,-9.0,7.327301793040289,-70.2774,6.988183801646072
MAT-POS-590ac91e-69,0,0,3,4,1,90.55,176.2809783194138,2.4673000000000007,-9.1,7.3295863933843854,-80.8889,7.017541640193138
MAT-POS-590ac91e-70,0,0,3,4,1,90.55,176.28097831941375,2.4673000000000007,-9.0,7.18107775480075,-77.4357,7.041079419746917
JAG-UCB-a3ef7265-3,1,0,3,4,2,71.45,126.08451210280107,2.3420000000000005,-6.9,6.44941495748696,-78.7954,6.526049004384501
JAG-UCB-a3ef7265-8,0,0,4,4,1,56.15,132.3519033214269,3.2251200000000013,-5.8,5.668640011932513,-63.9154,6.2115926580641565
JAG-UCB-a3ef7265-11,0,0,3,7,1,85.59,114.5979242170104,1.1452999999999998,-6.3,5.28075315673216,-69.0434,6.0225916623376605
JAG-UCB-a3ef7265-12,0,0,3,3,1,46.92,106.66337206975194,2.4470600000000005,-6.0,6.815281607392608,-75.9126,6.32202723426574
JAG-UCB-a3ef7265-15,0,0,3,4,1,59.81,109.7897977315883,1.95812,-6.5,6.107153985347988,-72.4038,6.250045396436902
JAG-UCB-a3ef7265-16,0,0,3,3,0,38.13,119.57168135354523,2.5508599999999997,-5.4,6.4938337398157415,-64.3975,6.7536101978577046
JAG-UCB-a3ef7265-20,1,0,3,5,1,69.04,131.98650699722654,2.771200000000001,-6.9,7.220051090187589,-74.0359,7.043698302031294
JAG-UCB-a3ef7265-22,0,0,3,3,1,46.92,116.96663829663365,3.1004600000000018,-5.8,5.788558464590968,-75.486,6.332530970751475
JAG-UCB-a3ef7265-23,0,0,4,3,1,54.88,124.96049435186757,3.2390000000000017,-6.5,6.660064072372067,-79.8602,6.819213778721278
JAG-UCB-cedd89ab-4,0,0,4,5,0,72.12,128.08729933100486,2.2482000000000006,-7.6,6.925985593795091,-72.3586,6.8759416919191905
RAL-MED-2de63afb-2,1,0,5,5,2,93.21,132.6479286171149,1.1910199999999995,-7.6,7.336039519203007,-83.8042,7.348221467587964
RAL-MED-2de63afb-3,0,0,4,4,2,83.98,127.53438338760805,1.2613,-7.9,7.1893686562881545,-79.4321,7.274052334054838
RAL-MED-2de63afb-5,0,0,5,5,2,93.21,126.28298650271832,0.6314000000000001,-7.5,7.301508109723603,-84.1967,6.656438867410366
RAL-MED-2de63afb-9,0,0,4,3,2,67.42999999999999,98.46193541697365,1.0358999999999998,-6.5,5.573789722222225,-69.4468,5.952469834054838
RAL-MED-2de63afb-10,0,0,4,3,2,67.42999999999999,104.82687753137026,1.426,-6.4,6.135514019480518,-72.4627,6.361347918470418
RAL-MED-2de63afb-12,0,0,5,4,2,83.98,122.17527242674066,1.2939,-6.4,6.832073805638803,-77.7223,6.7391922942612945
RAL-MED-2de63afb-14,1,0,5,5,2,93.21,130.44852190564458,1.0217,-7.6,7.3095248504273425,-84.2608,6.5034818099678064
EDJ-MED-49816e9b-1,1,0,3,2,1,41.99,110.81762216023078,3.2246200000000016,-6.1,6.228421194416697,-74.2951,6.455179276168277
EDJ-MED-49816e9b-2,0,0,3,2,1,41.99,117.18256427462742,3.533040000000001,-6.1,5.300738738816742,-71.2747,6.491016202020206
EDJ-MED-49816e9b-3,0,0,3,3,1,46.92,110.57014975064179,2.5631200000000005,-6.0,6.407802214618719,-63.3382,5.837799523088025
BEN-DND-7e92b6ca-1,0,0,6,4,2,80.42,121.26791060680328,1.1923,-6.7,6.583743757520253,-70.0846,6.051597086580088
BEN-DND-7e92b6ca-2,0,0,6,4,1,71.63,150.5244887395304,2.6877000000000004,-6.8,6.863222968226218,-82.3768,7.070959551587302
BEN-DND-7e92b6ca-3,0,0,5,3,2,65.2,139.48231834972808,2.3943000000000003,-7.6,6.976401264180264,-74.5383,6.9326141013986025
BEN-DND-7e92b6ca-4,1,0,5,3,3,73.99000000000002,132.90740474873618,2.37,-7.6,7.009868589022084,-80.5622,6.906273788933286
BEN-DND-7e92b6ca-5,1,0,5,3,2,71.19,132.47108779463505,2.3369,-7.4,6.513314321067817,-75.1586,6.5300040877455885
BEN-DND-7e92b6ca-7,0,0,3,4,1,90.55,161.81217668960585,1.6748000000000005,-9.0,6.937861384004879,-73.1597,7.077491602619598
BEN-DND-7e92b6ca-8,0,0,3,4,1,90.55,164.59028061545715,1.75528,-7.2,6.7207023883338834,-71.9326,6.424802620768122
BEN-DND-7e92b6ca-10,1,0,3,3,1,56.41,151.41634291158744,2.4861000000000004,-8.3,6.9609796227661205,-82.50299999999999,7.1581776471861485
BEN-DND-7e92b6ca-11,1,0,3,4,1,65.64,156.5298881410943,2.4991000000000003,-7.5,6.697772853757352,-76.7307,6.591378422743926
BEN-DND-7e92b6ca-12,1,0,3,4,1,65.64,156.5298881410943,2.4991000000000003,-7.8,6.739487002691754,-77.6497,6.815219896714398
BEN-DND-7e92b6ca-13,1,0,3,4,1,65.64,156.5298881410943,2.4991000000000003,-7.8,6.826672062937063,-74.1107,6.832130082861588
BEN-DND-7e92b6ca-14,1,0,2,3,1,56.41,149.21693620011703,2.629600000000001,-8.3,7.004137427045183,-72.6222,7.08031696248196
BEN-DND-7e92b6ca-16,1,0,2,3,1,56.41,149.21693620011706,2.629600000000001,-8.3,6.799547853424348,-72.0232,7.0965970171495165
BEN-DND-93268d01-5,0,0,4,2,1,41.99,111.044833450672,3.100420000000001,-6.3,6.2898286260406255,-71.5728,6.49000008158508
BEN-DND-93268d01-7,0,0,4,2,1,41.99,111.044833450672,3.100420000000001,-6.4,6.254432244366747,-71.2351,6.481453518759017
BEN-DND-93268d01-13,0,0,4,2,1,41.99,119.60918227653895,3.6964200000000025,-5.0,6.013881854367857,-71.293,6.5993930043845
BEN-DND-93268d01-15,0,0,3,3,2,62.22,105.30858968554516,2.5294000000000008,-6.3,5.634014624431125,-70.1978,4.9007319183594165
MAK-UNK-d4768348-1,1,0,3,3,1,57.69000000000001,115.39451988707195,-0.13560000000000014,-6.1,7.0487759737484685,-68.5433,7.2495970115440045
EDJ-MED-e58735b6-2,0,0,4,3,2,62.22,111.67353179994177,2.06352,-6.4,6.45141625185925,-78.156,6.636377040792544
EDJ-MED-e58735b6-3,0,0,4,4,2,102.15,122.61502252277695,1.21862,-6.2,6.590642152625157,-72.2214,6.426640603840604
NAU-LAT-64f4b287-3,0,0,4,6,0,62.47000000000001,130.84706144229085,1.6811,-6.5,6.078277903263404,-70.8701,6.535767919580426
NAU-LAT-64f4b287-4,1,0,3,2,0,29.54,135.01048608504712,3.5600000000000023,-7.2,6.396121447163942,-75.6608,6.574928218448222
NAU-LAT-64f4b287-5,0,0,2,4,0,59.23,121.09901964991482,2.24282,-6.8,6.940250418137418,-71.101,6.794140107392606
NAU-LAT-64f4b287-9,0,0,4,2,1,41.99,100.51435593334915,1.9405,-6.3,6.16468013059163,-75.0354,6.479131422244422
BRU-LEF-c49414a7-1,0,0,5,4,2,80.32,133.42828063616844,1.7960199999999995,-7.4,7.278952546897544,-76.1108,7.149291327505832
MAT-POS-2db6411e-2,1,0,3,3,1,43.78,122.06212241315386,1.9286,-6.3,6.401059752969256,-77.8608,6.030240524531018
EDG-MED-0da5ad92-2,0,0,3,2,1,41.99,104.4526800458342,2.9162000000000012,-6.0,6.026765512321018,-73.6557,5.903232957764457
EDG-MED-0da5ad92-3,0,0,2,2,1,45.23,116.57745583043419,3.7117200000000015,-6.1,6.327501036408032,-70.854,6.885797804029307
EDG-MED-0da5ad92-9,0,0,3,3,2,54.02,101.82600332934696,1.71822,-6.0,5.860872937395942,-69.3602,6.279896171273178
EDG-MED-0da5ad92-12,0,0,3,2,1,41.99,110.81762216023084,3.2246200000000016,-6.4,6.379523231435236,-72.2384,5.75822967132867
EDG-MED-0da5ad92-13,0,0,3,2,1,41.99,110.81762216023078,3.2246200000000016,-6.4,6.256326911366415,-75.1445,6.300867185425685
EDG-MED-0da5ad92-18,0,0,3,3,2,68.00999999999999,116.15751285724352,2.806820000000001,-6.6,6.746654052281063,-69.0562,5.3189456010101
EDG-MED-0da5ad92-21,0,0,3,2,2,57.78,103.99523614964986,2.5527200000000008,-6.3,5.873477429792428,-69.1291,5.761355111999121
BEN-DND-61647d40-18,0,0,3,3,2,62.22,109.24691379803022,2.621800000000001,-6.4,5.556453986291476,-71.4633,6.313488113941612
JAN-GHE-5a013bed-1,1,0,3,4,1,59.81,109.72838732022798,1.86114,-6.5,5.552470961926963,-79.5175,6.1398388623598645
JAN-GHE-5a013bed-2,1,0,3,3,1,46.92,120.52361250541401,3.0025000000000013,-6.8,6.778536114330122,-83.4242,6.765062431346434
JAN-GHE-5a013bed-3,1,0,3,4,1,63.99,130.69562216538998,2.3627,-7.9,6.7759743720723735,-74.128,7.124718765512264
JAN-GHE-5a013bed-4,0,0,3,4,2,79.78,101.19157162307378,0.5375999999999997,-6.3,5.79588842818293,-65.8049,5.881260574647576
JAN-GHE-5a013bed-6,0,0,3,4,1,54.88,101.42223485454231,2.3727,-6.5,5.899037343822847,-68.1412,5.899047474414475
JAN-GHE-5a013bed-8,0,0,3,3,1,54.88,103.67232802678068,2.3111999999999995,-6.0,6.053802298756803,-71.6393,6.421789955322459
JAN-GHE-5a013bed-11,0,0,3,4,2,83.56,96.00649713395569,1.0342999999999998,-6.7,5.314067477799978,-63.3441,5.45391673992675
TRY-UNI-2eddb1ff-1,0,0,3,4,1,78.67,110.49152571016096,1.8379,-6.9,7.011091534632037,-75.1158,6.673172152403161
TRY-UNI-2eddb1ff-2,0,0,3,3,1,54.88,110.03727014117727,2.6196200000000003,-6.2,6.390942649572658,-72.8768,6.48857836224887
TRY-UNI-2eddb1ff-7,1,0,5,4,2,80.32,143.73154686305006,2.44942,-7.6,7.333696860750357,-81.6051,7.194151698468198
ALP-POS-95b75b4d-1,1,0,3,2,1,41.99,104.67989133627536,2.710320000000001,-6.4,6.471020734432237,-75.7481,6.405643184149183
ALP-POS-95b75b4d-2,0,0,3,3,2,62.22,105.30858968554516,2.2768200000000003,-6.1,6.321010432678429,-74.6299,6.152616447330447
ALP-POS-95b75b4d-4,0,0,4,2,1,41.99,118.60335112300974,3.448620000000002,-6.6,6.425505645299151,-78.7234,6.4504211695526745
JAN-GHE-83b26c96-1,0,0,4,3,1,54.88,122.73560793837522,3.5707200000000023,-6.4,6.599109656565663,-73.5608,6.842957492840495
JAN-GHE-83b26c96-2,0,0,4,3,2,71.09,133.25889067267585,3.4356000000000013,-6.4,5.897191135642135,-76.5981,6.844414649184152
JAN-GHE-83b26c96-3,0,0,4,4,1,59.81,138.48194982325572,3.662900000000002,-7.0,7.200844155677662,-78.5134,6.996444850649356
JAN-GHE-83b26c96-6,0,0,4,3,1,54.88,129.13209648436717,3.995600000000003,-6.0,5.834284408369411,-73.5609,6.798331561938063
JAN-GHE-83b26c96-7,0,0,4,3,1,54.88,129.13209648436717,3.8167200000000023,-5.5,6.71210368126318,-71.4818,6.750264342990342
JAN-GHE-83b26c96-8,1,0,5,2,1,41.99,129.91244850342062,4.565820000000003,-6.0,6.578289317293817,-81.9199,6.429856425685429
JAN-GHE-83b26c96-9,0,0,4,2,1,41.99,129.91244850342062,4.421720000000003,-5.6,5.9169323400488425,-75.1106,6.618883971139966
JAN-GHE-83b26c96-10,0,0,4,3,1,45.23,129.3073400592274,3.2848200000000016,-6.0,6.81348936752137,-74.0452,6.697446807969809
JAN-GHE-83b26c96-11,0,0,3,2,1,41.99,106.87929804774572,2.879640000000001,-5.9,6.441224300144308,-76.6785,6.430835878010884
JAN-GHE-83b26c96-12,1,0,3,2,1,41.99,114.3819035389905,3.3337200000000013,-6.4,6.431864161560662,-74.0464,6.518558804473307
JAN-GHE-83b26c96-13,0,0,3,2,1,41.99,119.77619405439278,3.1758200000000008,-6.5,6.225044142468642,-76.0561,6.115233821067829
JAN-GHE-83b26c96-14,0,0,3,2,1,41.99,119.37590425652444,3.5900200000000018,-6.6,6.070951220446224,-78.9502,6.51180196003996
JAN-GHE-83b26c96-15,0,0,3,2,0,33.2,117.39253576122276,3.248920000000002,-6.0,6.2866473871683874,-68.5706,6.6220340150405175
JAN-GHE-83b26c96-16,0,0,5,2,0,33.2,123.75747787561933,3.7207000000000026,-6.1,6.616240555000558,-73.3879,6.5264909437229415
JAN-GHE-83b26c96-17,0,0,4,3,1,59.06,117.05193383820551,2.9853200000000006,-6.4,6.547507562104558,-73.3577,6.3225564173604125
JAN-GHE-83b26c96-18,0,0,2,3,1,62.3,119.73314677694871,2.5325000000000006,-7.3,5.826619185203684,-73.0474,6.07094261577311
JAN-GHE-83b26c96-20,1,0,3,2,1,41.99,122.54167523549481,3.7137200000000017,-5.8,6.366230533910535,-65.7333,6.447418728715726
JAN-GHE-83b26c96-21,0,0,3,3,1,59.06,110.68699172380892,2.8442200000000013,-6.4,6.125544473359968,-68.1261,6.4423225098790065
JAN-GHE-83b26c96-22,1,0,3,2,1,41.99,123.54750638902401,3.9597200000000026,-5.2,6.186647798978796,-61.0343,6.432314999611504
JAN-GHE-83b26c96-23,0,0,3,2,1,41.99,119.14869296608327,3.7739200000000017,-6.6,5.933791389166383,-74.1302,6.740990933566432
JAN-GHE-83b26c96-24,0,0,2,4,0,51.81,114.63552664822441,3.7604200000000017,-7.1,6.765006433122433,-73.0061,6.743318289543789
JAN-GHE-83b26c96-25,0,0,2,4,0,51.81,114.61842938558901,3.7604200000000017,-7.1,6.710720583916088,-72.1141,6.791826065878572
JAN-GHE-d851b096-6,0,0,2,3,0,34.89,88.02917110288631,1.6000199999999998,-5.2,5.354481709956709,-67.2518,5.933880473304477
MAT-POS-4e253971-1,0,0,3,3,0,30.270000000000003,129.8773445472363,3.134380000000002,-7.2,6.7175879058164085,-83.4227,6.753627720779227
MAT-POS-4e253971-2,0,0,3,2,0,23.550000000000004,135.32162604802372,3.3234000000000017,-6.8,6.397860355366857,-81.467,6.513587230602736
MAT-POS-4e253971-3,0,0,2,4,2,77.24,98.5624982057749,1.1553200000000001,-6.6,5.3799917826617865,-67.1517,6.357767921800423
AAR-POS-5507155c-1,0,0,2,4,1,49.41,96.1853767735488,0.4996999999999999,-5.8,6.349000952380947,-60.6097,6.212615605783111
LON-WEI-d1c9908a-3,0,0,7,4,1,71.53,200.8362850221558,5.595120000000005,-6.6,7.5163172823010385,-80.1503,7.565187184149183
LON-WEI-d1c9908a-4,0,0,8,4,1,71.53,199.8304538686266,5.3491200000000045,-7.5,7.45017621553447,-89.4248,7.660937083916079
LON-WEI-d1c9908a-5,0,0,8,4,1,71.53,193.46551175423,5.040700000000004,-6.9,7.452002161810412,-80.5485,7.501834477094801
LON-WEI-d1c9908a-6,0,0,8,3,1,62.3,194.71690863911968,5.5945000000000045,-7.2,7.117760220002222,-89.7295,7.472977600288602
LON-WEI-d1c9908a-7,0,0,7,4,1,71.53,194.47134290775918,5.286700000000004,-7.0,7.3360271295812,-83.6028,7.3914264753024765
LON-WEI-d1c9908a-8,0,0,8,3,1,62.3,201.08185075351628,5.902920000000004,-7.5,7.232184876956378,-88.2266,6.993919947524701
LON-WEI-d1c9908a-11,0,0,7,3,1,62.3,195.85457201596782,5.794600000000004,-7.4,7.133670971278727,-91.3956,7.3022406783771805
LON-WEI-d1c9908a-13,0,0,7,3,1,62.3,192.5175019276493,5.479620000000006,-7.4,7.285810810606061,-84.8942,6.893440235930736
AAR-POS-8a4e0f60-1,0,0,6,5,0,63.91,162.988305392849,3.5420000000000025,-7.6,7.134214741924738,-87.815,7.171619547008553
AAR-POS-8a4e0f60-4,0,0,9,6,2,98.14,162.42134757559162,1.4004,-7.8,7.204636683621932,-92.9214,7.257580215118216
AAR-POS-8a4e0f60-6,0,0,8,7,1,87.5,178.89932161382774,3.5572000000000017,-7.6,7.289285650072148,-75.9399,6.798672293650791
AAR-POS-8a4e0f60-7,1,0,5,6,0,73.14,174.233514716738,4.3004000000000016,-7.5,7.105625379065383,-75.6402,7.1006105920745926
AAR-POS-8a4e0f60-8,0,0,7,6,0,60.25,166.52256591182086,3.7304000000000017,-7.7,7.145551724081472,-86.3211,7.504207543234539
LON-WEI-adc59df6-1,0,0,7,5,1,88.60000000000002,194.39465022019272,3.707200000000003,-6.5,7.432017076617822,-83.9472,7.567574622821617
LON-WEI-adc59df6-2,0,0,9,5,1,88.60000000000002,189.03553925932536,3.7088000000000023,-6.3,7.2728467067099505,-83.115,7.510120370851366
LON-WEI-adc59df6-3,1,0,5,3,1,62.3,154.30070347218825,3.385400000000001,-6.1,6.700947149517147,-81.5133,6.7820216558441615
LON-WEI-adc59df6-4,0,0,6,5,1,80.76,204.94399909813342,5.049300000000005,-7.3,7.562623916627492,-85.0165,6.9754473997114
LON-WEI-adc59df6-6,0,0,7,5,1,88.60000000000002,200.7595923345893,4.097300000000003,-7.4,7.665577000554999,-88.7676,7.527670513153514
LON-WEI-adc59df6-7,0,0,10,5,1,88.60000000000002,195.400481373722,4.098900000000003,-6.5,7.655949191325015,-89.1383,7.495463836219332
LON-WEI-adc59df6-8,0,0,6,3,1,62.3,185.11958289064208,5.088300000000005,-6.9,7.3468121563714055,-88.0253,7.3129209774669794
LON-WEI-adc59df6-10,1,0,9,4,1,62.3,183.5186398407433,4.508700000000005,-6.2,7.235257947052947,-80.7596,7.387824526029523
LON-WEI-adc59df6-14,0,0,6,3,1,62.3,172.38969866184883,4.308100000000003,-6.7,7.296907558219558,-81.0176,7.066439149239645
LON-WEI-adc59df6-16,0,0,6,3,1,62.3,193.52333308117846,5.725620000000006,-7.2,7.355531427045176,-77.4071,7.089891140942393
LON-WEI-adc59df6-17,1,0,8,4,1,62.3,177.1536977263467,4.118600000000003,-6.1,7.2238349368964325,-83.0442,6.763206296536801
LON-WEI-adc59df6-18,0,0,7,4,1,71.53,194.47134290775918,5.286700000000004,-7.0,7.432706699927522,-78.7008,7.182589974192469
LON-WEI-adc59df6-19,0,0,7,4,1,71.53,183.86818600575242,3.792100000000003,-6.8,7.357853571622818,-85.9873,6.884868367965367
LON-WEI-adc59df6-21,0,0,6,3,1,62.3,167.03058770098144,4.164000000000003,-6.0,7.1983868008380565,-80.9473,7.038498322677326
LON-WEI-adc59df6-23,1,0,7,3,1,62.3,193.52333308117852,5.094900000000004,-7.0,7.3641980151515165,-90.6003,6.917483695582197
LON-WEI-adc59df6-26,1,0,8,4,1,71.53,172.14413293048835,3.402000000000002,-6.2,7.250539175812743,-82.2633,6.7827680007215
LON-WEI-adc59df6-27,0,0,9,4,1,71.53,178.50907504488498,3.792100000000003,-6.1,7.2578774721830355,-83.6602,6.968008966144969
LON-WEI-adc59df6-28,1,0,7,4,1,75.19,188.5774456591988,4.350800000000003,-7.0,7.3504435477855505,-84.5574,7.1736845988455995
LON-WEI-adc59df6-30,1,0,6,3,1,62.3,160.66564558658484,3.7755000000000023,-6.4,6.962928176961932,-81.0544,6.892461015207014
LON-WEI-adc59df6-31,0,0,7,3,1,62.3,173.39552981537813,4.5541000000000045,-6.3,7.058213923354424,-77.6404,7.357216518564768
LON-WEI-adc59df6-32,0,0,7,4,1,71.53,183.86818600575242,3.9346000000000014,-7.0,7.330398991536237,-81.4114,7.446293674730494
LON-WEI-adc59df6-37,0,0,7,5,1,84.42,193.69099088870567,4.681700000000004,-6.8,7.483932795248865,-75.5535,7.230430194805195
LON-WEI-adc59df6-39,0,0,6,4,1,71.53,183.86818600575242,3.9346000000000014,-6.8,7.161675586413584,-79.7323,7.410929226872795
LON-WEI-adc59df6-40,1,0,7,3,1,62.3,189.35779767825227,4.955800000000004,-6.9,7.260072884171388,-81.5138,7.250389517482509
LON-WEI-adc59df6-41,0,0,6,3,1,62.3,187.15839096678192,5.417200000000005,-6.7,7.1019436105283615,-90.9144,7.463655010989009
LON-WEI-adc59df6-43,1,0,6,5,1,80.76,198.57905698373685,5.006800000000005,-7.2,7.456925711344208,-79.8529,7.441755873531696
LON-WEI-adc59df6-44,0,0,6,3,1,62.3,166.02475654745226,3.918000000000003,-6.4,7.107195055527807,-80.3326,7.088863688478191
LON-WEI-adc59df6-45,0,0,8,5,1,80.76,205.94983025166266,5.295300000000005,-6.5,7.665026160367413,-77.8599,7.484135340453659
LON-WEI-adc59df6-47,1,0,8,3,1,62.3,199.88827519557515,5.137400000000004,-7.3,7.4209698205128225,-92.3148,6.865601835553337
LON-WEI-adc59df6-53,0,0,5,3,1,62.3,183.69879604225974,5.207500000000005,-6.5,7.4585632529415005,-77.6543,7.478014166305909
LON-WEI-adc59df6-55,0,0,5,3,1,62.3,193.62801953541612,5.6250200000000055,-5.9,7.037388515789773,-72.0206,7.277545430902434
LON-WEI-adc59df6-56,0,0,5,3,1,62.3,179.7604719297747,4.862520000000004,-5.7,6.839598569791322,-76.7386,7.192981603341103
LON-WEI-adc59df6-57,0,0,7,4,1,71.53,191.23895927367823,4.952800000000004,-6.0,7.1984878437950925,-79.3043,7.3701513499278475
LON-WEI-adc59df6-59,0,0,6,4,1,71.53,191.23895927367823,4.871120000000004,-5.8,7.213755465728711,-77.8022,7.104118608946611
LON-WEI-adc59df6-67,0,0,6,3,1,62.3,175.52225714216445,4.656900000000004,-6.3,7.216135616522362,-88.7556,7.2247834435286915
LON-WEI-adc59df6-68,0,0,5,3,2,78.09,163.82658631054116,3.7379000000000016,-6.8,7.282522658813405,-77.9491,7.298476375124879
LON-WEI-adc59df6-73,0,0,6,3,1,62.3,179.9274837076285,4.423600000000003,-6.4,7.156817905344656,-73.3333,7.151831529276282
LON-WEI-adc59df6-78,0,0,7,4,1,86.09,171.42316738245017,3.712780000000003,-6.7,7.210546007908762,-74.6032,7.245279075702076
LON-WEI-adc59df6-83,0,0,6,4,1,71.53,177.50324389135574,3.7605000000000017,-6.8,7.196607292651794,-78.233,7.434462379148628
LON-WEI-adc59df6-89,0,0,5,4,1,71.53,160.53514487495232,2.7636000000000003,-6.5,7.2533760147630115,-80.2426,7.064027760295257
LON-WEI-adc59df6-92,0,0,5,3,1,62.3,168.15148387423864,4.164900000000003,-6.4,7.189072329587081,-80.9858,7.181785789682541
LON-WEI-adc59df6-93,0,0,5,5,1,88.6,152.9726138997321,1.7559999999999991,-5.9,7.036126085858585,-73.8246,7.091483512987011
LON-WEI-adc59df6-94,0,0,5,3,1,62.3,174.51642598863526,4.555000000000003,-6.7,7.2196516817904275,-81.7808,7.1135960730380745
LON-WEI-adc59df6-99,0,0,5,3,1,62.3,161.78654175984204,3.6307000000000023,-6.3,6.992946518620268,-73.4296,7.029194115967366
LON-WEI-adc59df6-102,0,0,5,3,1,62.3,178.06503774406121,4.606100000000003,-7.5,7.37330624006549,-83.4809,7.324494205266959
LON-WEI-adc59df6-103,0,0,5,3,1,62.3,159.6648709784441,3.2379000000000016,-6.6,7.220694318598072,-72.7084,6.867064761183268
JOH-UNI-a5c0a47e-1,0,0,3,4,0,29.54,132.6508493554586,3.6739000000000015,-6.3,6.1642253338328326,-78.9967,6.312015924630928
JOH-UNI-c7afdb96-2,0,0,3,3,2,73.12,130.62566209808764,3.9104800000000015,-7.0,6.4927181474636475,-74.2533,5.913774537518033
JOH-UNI-c7afdb96-4,0,0,4,3,1,69.96000000000001,126.5170180751934,3.3011800000000022,-7.2,6.797648824897329,-75.3144,6.727695344322346
JOH-UNI-c7afdb96-5,0,0,4,4,1,69.96000000000001,124.15738134560488,3.362680000000001,-6.7,6.625627326895317,-74.0673,6.661173335109327
JOH-UNI-c7afdb96-7,0,0,4,3,1,69.96000000000001,111.97553706070153,2.442500000000001,-6.5,6.643596562659564,-74.346,6.439812492784991
JOH-UNI-c7afdb96-10,0,0,7,4,1,69.96,125.07060693105187,2.7553800000000006,-6.5,6.891953714674207,-79.3249,5.857403971388093
JOH-UNI-c7afdb96-11,0,0,5,3,1,69.96000000000001,112.98136821423073,2.688500000000001,-6.1,6.422105075979571,-73.0964,6.567183185481187
JOH-UNI-c7afdb96-12,0,0,4,3,1,69.96,112.98136821423077,2.7701800000000008,-5.4,6.364075765234762,-68.9919,6.404809832334329
AAR-POS-dddeddbf-1,0,0,2,5,2,93.28,125.36364193010414,3.10062,-7.3,6.784009771728273,-72.9781,7.144401357864357
AAR-POS-dddeddbf-2,0,0,4,6,0,120.42000000000002,164.25287004368246,4.969820000000001,-6.8,6.532855736596733,-54.5395,6.6421223931068925
AAR-POS-dddeddbf-5,0,0,6,6,2,100.1,182.46683795369202,1.8916,-7.8,7.377655486679987,-87.4802,7.5027053262293295
LON-WEI-8f408cad-1,1,0,3,2,1,49.41,104.55123093312801,1.9907,-6.5,6.055698305194802,-74.9703,5.86774295243645
LON-WEI-8f408cad-3,1,0,3,4,0,57.69000000000001,115.00081948250616,0.8197999999999999,-6.2,6.973300924963922,-68.8239,6.993111046897536
LON-WEI-8f408cad-5,1,0,3,3,0,23.550000000000004,104.60498570448765,1.6311000000000002,-5.5,6.249853862970357,-69.3531,6.0123737020757
LON-WEI-8f408cad-7,1,0,3,3,0,23.550000000000004,104.60498570448765,1.6311000000000002,-5.5,6.312720633755126,-68.3201,5.946335813575308
LON-WEI-8f408cad-8,0,0,5,3,1,62.3,173.39552981537813,4.5541000000000045,-6.2,7.21445688580863,-79.8224,7.181381794760793
LON-WEI-8f408cad-9,0,0,6,4,1,65.54,172.79042137118483,3.631020000000003,-5.8,7.245187645049389,-67.5655,7.185974408424912
LON-WEI-8f408cad-10,0,0,8,5,1,74.77000000000002,193.86623446356597,4.3636200000000045,-6.3,7.363719701492947,-72.9314,7.529407165057161
MAT-POS-bfefc3ea-3,0,0,12,5,3,150.0,187.2619637904946,1.4542000000000004,-6.5,7.606839749100567,-93.8646,7.500861591269838
IND-SYN-6c8299e8-7,0,0,4,5,0,75.51,138.88705305116414,0.5552999999999999,-7.5,7.061897856865362,-79.1327,7.043161514152512
MED-COV-4280ac29-5,0,0,5,3,0,57.69000000000001,181.46415706429042,3.5023000000000017,-8.6,7.371820215007213,-81.4904,6.5147701486846445
MED-COV-4280ac29-10,0,0,3,1,1,29.1,129.68696936894494,4.409700000000004,-7.4,5.8071720328005325,-79.23100000000002,6.642676273171281
MED-COV-4280ac29-12,1,0,3,2,0,23.550000000000004,128.99194173622186,2.7121000000000013,-6.6,5.474051353091356,-75.6987,7.034297356421358
MED-COV-4280ac29-13,1,0,3,2,0,23.55,123.63283077535448,2.6115000000000013,-6.2,5.906543124098125,-78.2453,6.808927171439674
MED-COV-4280ac29-14,0,0,2,2,0,40.62000000000001,116.80148361633228,1.8104,-6.5,6.0784434130314136,-64.1177,6.06079005627705
MED-COV-4280ac29-17,0,0,7,4,1,61.88,200.39540980054596,4.145900000000005,-8.3,7.32832680837463,-87.2698,7.104125188311687
MED-COV-4280ac29-25,1,0,5,4,0,36.44000000000001,145.24667000589486,2.616900000000001,-6.7,6.632402059163065,-83.3988,6.77834061183261
MED-COV-4280ac29-26,0,0,8,3,2,69.64,147.14540501464455,2.051,-6.4,6.6759669740259735,-90.7787,6.813769061383063
MED-COV-4280ac29-30,1,0,5,4,0,51.13,151.35443193504577,3.620300000000003,-7.2,7.188140393217899,-75.6587,6.343578570707063
MED-COV-4280ac29-31,1,0,3,2,0,23.550000000000004,129.64628696581136,2.722800000000001,-6.7,6.404683264846263,-78.5313,6.270257291486298
MED-COV-4280ac29-33,1,0,5,3,0,32.78,135.11131811925796,2.3694000000000006,-6.1,6.514210438672436,-80.571,6.991584976967479
MED-COV-4280ac29-37,1,0,6,3,0,32.78,141.47626023365459,2.4119,-6.1,6.726124188200688,-78.2996,6.901526253246755
LON-WEI-b8d98729-1,0,0,7,6,1,84.42,194.91819234766263,4.907320000000004,-6.7,6.823935485847484,-84.9516,7.726754124653131
LON-WEI-b8d98729-2,0,0,8,4,1,62.3,193.11596558922093,5.573320000000005,-6.9,7.245585259906769,-75.3349,6.9796849918969945
LON-WEI-b8d98729-4,0,0,4,5,2,112.81,134.83834919467074,-0.5633999999999979,-7.1,6.3275052774447795,-73.301,5.337875940170939
LON-WEI-b8d98729-6,0,0,6,4,1,62.3,164.4238134975535,3.9785000000000017,-6.1,6.971218222555224,-72.5854,7.22591005022755
LON-WEI-b8d98729-7,0,0,6,3,1,62.3,176.236207058679,5.914000000000003,-6.7,7.108995712731713,-66.1411,7.214396001443004
LON-WEI-b8d98729-8,0,0,9,5,1,80.76,199.5848881372661,5.0050200000000045,-6.9,7.476732258602513,-77.1387,7.5761380136693335
LON-WEI-b8d98729-10,0,0,7,4,1,71.53,172.14413293048835,3.964000000000003,-6.0,7.269975562021309,-76.1483,7.331294258158508
LON-WEI-b8d98729-11,0,0,7,4,1,65.54,192.69101334654408,5.0084200000000045,-6.4,7.279093453712948,-85.8091,7.520283866688866
LON-WEI-b8d98729-12,0,0,8,4,1,71.53,197.3120201510601,6.646600000000005,-8.0,7.404087068098573,-66.5496,7.520408219336217
LON-WEI-b8d98729-13,0,0,7,4,1,65.54,196.25529472530377,5.117520000000004,-6.3,7.116018152874899,-82.2431,7.508332636530143
LON-WEI-b8d98729-14,0,0,7,4,1,65.54,196.25529472530377,5.117520000000004,-6.4,7.245753906426902,-83.1369,7.470520577367082
LON-WEI-b8d98729-15,0,0,7,5,1,88.33,187.68807334344157,4.8285000000000045,-7.7,7.528900615079364,-94.7626,7.617506020162841
LON-WEI-b8d98729-16,0,0,8,4,1,65.54,195.1176313484557,4.917420000000004,-6.6,7.137196598484849,-76.9471,6.878653069264063
LON-WEI-b8d98729-17,1,0,9,4,1,71.53,194.47134290775918,5.250400000000004,-6.9,7.167366576284827,-85.5958,7.52047753374403
LON-WEI-b8d98729-18,0,0,8,4,1,75.19,194.94238777359539,5.369820000000003,-7.1,7.391559061494068,-89.6809,7.544591927294935
LON-WEI-b8d98729-19,0,0,8,4,1,71.53,195.6090062846073,5.450500000000004,-6.7,7.2803160816960775,-81.7351,7.4042368441166655
LON-WEI-b8d98729-20,0,0,7,4,2,90.98,194.484943877411,4.8720200000000045,-7.6,7.512610657092918,-89.3514,7.338480408535918
LON-WEI-b8d98729-21,0,0,6,4,2,90.98,185.69338376110287,4.654600000000003,-6.8,7.404924601787101,-93.888,7.7018664314574385
LON-WEI-b8d98729-22,0,0,8,4,1,71.53,192.04472490584763,5.341400000000005,-6.6,7.384829473276717,-89.7346,7.5918070605668895
LON-WEI-b8d98729-23,0,0,5,5,1,88.33,165.36086336617072,3.5421000000000022,-6.6,7.248261414890657,-85.6052,7.364281948900766
LON-WEI-b8d98729-24,0,0,7,4,1,62.3,184.32440547291282,5.3559000000000045,-6.6,7.154659185037187,-87.2473,7.57766354390055
LON-WEI-b8d98729-25,0,0,7,6,1,84.42,188.553250233266,4.598900000000003,-7.6,7.424539403540896,-81.5855,7.637182103174605
LON-WEI-b8d98729-26,0,0,8,5,1,84.42,193.69099088870567,4.816020000000004,-6.5,6.82165041419691,-82.4886,7.343715867243869
LON-WEI-b8d98729-27,1,0,7,4,1,71.53,187.8731227733481,5.0080000000000044,-7.0,7.503535112554108,-78.7881,7.424574647907647
LON-WEI-b8d98729-28,0,0,8,4,1,71.53,203.67696226545672,6.955020000000005,-7.9,7.477715489454986,-69.946,7.622172993506483
LON-WEI-b8d98729-29,0,0,8,3,1,62.3,204.9283591503464,7.5088200000000045,-8.2,7.391056539904546,-72.4277,7.423112886169382
LON-WEI-b8d98729-30,0,0,8,5,1,74.77000000000002,200.23117657796257,4.672040000000004,-6.9,7.501716923909433,-78.5782,7.580499020035522
LON-WEI-b8d98729-31,0,0,5,5,1,75.19,167.47743714088492,3.8663000000000025,-6.8,7.358896816405816,-76.9541,7.283044274836272
LON-WEI-b8d98729-32,0,0,6,4,1,75.19,166.25023568192796,3.7750000000000017,-6.3,7.307091332167829,-78.2027,7.2837324019314025
LON-WEI-b8d98729-33,0,0,8,3,1,62.3,199.66106390513397,6.321600000000006,-6.8,7.3115265066600115,-93.5537,7.597632788766796
LON-WEI-b8d98729-34,0,0,6,3,2,65.2,119.5823525048526,1.3211999999999997,-5.7,5.996395415917412,-75.6805,6.607314172993672
LON-WEI-b8d98729-35,0,0,8,3,1,62.3,203.22534528389363,6.430700000000006,-6.9,7.21639719622045,-92.562,7.514543815628813
LON-WEI-b8d98729-36,0,0,8,3,1,62.3,199.88827519557515,6.1157200000000085,-7.0,7.197973400876897,-86.4106,7.646245166111666
LON-WEI-b8d98729-37,0,0,7,4,1,71.53,194.23806488774468,5.316420000000004,-7.2,7.599034312409812,-79.2445,7.5966983427128385
LON-WEI-b8d98729-38,1,0,7,5,1,75.19,189.80464711815566,5.152700000000004,-7.2,7.147576586080593,-89.287,7.605709297369302
LON-WEI-b8d98729-39,0,0,7,3,1,62.3,195.4894617726344,5.870220000000005,-7.3,7.438156027639033,-83.1734,7.628089242646244
LON-WEI-b8d98729-40,0,0,8,5,1,71.53,191.86456870433116,5.019520000000004,-6.9,7.353677145854143,-83.7641,7.522178471028976
LON-WEI-b8d98729-41,0,0,6,3,1,62.3,190.262183035086,5.7619000000000025,-7.2,7.144445239815742,-85.1,7.121028912753915
LON-WEI-b8d98729-42,0,0,8,4,1,65.54,201.48257346285226,5.225840000000005,-7.1,7.360859367771122,-75.2083,7.355030860916865
LON-WEI-b8d98729-43,0,0,7,6,1,97.56,192.80161857294846,4.5831200000000045,-7.1,7.557102388322457,-74.5243,7.530181622116443
LON-WEI-b8d98729-44,0,0,6,5,1,75.19,187.37802911624414,5.243700000000004,-7.4,7.503001432511933,-81.4319,7.574379888777889
LON-WEI-b8d98729-45,0,0,9,4,1,71.53,200.83628502215575,5.558820000000005,-6.5,7.062419029664782,-87.4265,7.734824513542013
LON-WEI-b8d98729-46,0,0,7,5,1,88.33,194.05301545783817,5.136920000000004,-7.0,7.661165030497277,-88.1872,7.319668559884561
LON-WEI-b8d98729-47,0,0,8,5,1,71.53,185.49962658993456,4.711100000000003,-6.9,7.348988000887999,-73.4869,7.5270342678432645
LON-WEI-b8d98729-48,0,0,7,5,1,75.19,196.1695892325523,5.461120000000005,-7.4,7.399096453268957,-78.9265,7.4543478673271215
MAT-POS-916a2c5a-1,1,0,5,5,0,51.13,148.99479520545722,3.681800000000002,-6.6,6.9720687073482095,-74.8072,6.318335877566869
MAT-POS-916a2c5a-3,1,0,3,4,1,90.55,187.27194514719238,2.9084800000000017,-7.5,6.826616044733043,-71.5226,7.506842461038962
MAT-POS-916a2c5a-4,1,0,2,3,1,56.41,145.0514007971908,2.490500000000001,-7.7,6.629375970140969,-71.9004,7.074084786435788
REN-UFA-aaaed2d6-3,0,0,4,2,0,23.550000000000004,143.7587316098675,3.278500000000002,-6.4,6.457320252747259,-79.1518,6.53903242063492
JOO-IND-6372a4f3-4,0,0,3,2,0,23.550000000000004,125.01835982114208,2.670000000000001,-6.7,6.275560233877237,-77.1978,6.1331451802641865
JOO-IND-6372a4f3-6,0,0,3,2,0,23.550000000000004,133.81182236873764,3.018400000000001,-6.9,6.543782477633478,-77.84899999999998,6.151710249639241
JOO-IND-b13e14cc-1,0,0,2,3,0,33.2,116.11853740229671,3.1883000000000017,-6.8,6.604806006160513,-76.9814,6.17296641053391
JOO-IND-b13e14cc-2,0,0,2,3,0,33.2,124.91199994989223,3.5367000000000024,-6.9,5.996064206404703,-74.619,6.957142217837718
KUS-THE-322b9b63-5,0,0,5,8,2,113.85,157.24963707823994,0.5136200000000011,-7.6,7.321483422799432,-80.7002,7.352648197802201
KUS-THE-322b9b63-14,0,0,6,6,2,106.14,180.55107221180032,2.0478,-8.7,7.628143836219327,-86.3034,7.406895464590964
KUS-THE-322b9b63-16,0,0,6,6,2,106.14,171.98672338593337,1.4517999999999998,-9.3,7.416367409812413,-97.6136,7.568306478188479
JUA-UNI-bc099708-5,0,0,8,4,3,91.32,174.84723360066315,3.6680000000000033,-8.3,7.450630660950153,-99.437,7.755528049617041
WAR-XCH-72a8c209-5,0,0,5,3,1,43.78,157.43434716030563,3.402000000000002,-7.6,6.86693483050283,-89.2651,7.109639913780661
NEH-REV-107bcf72-5,1,0,3,4,2,64.01,116.55308993846823,0.9808,-6.4,6.112539360528362,-75.032,6.117499279942279
SER-UNI-985a0e14-4,0,0,6,9,2,106.91,159.83813464915042,3.0948,-7.5,7.143257265068272,-88.193,7.1697803845598855
TIM-UNK-6bd61028-2,0,0,2,3,0,42.43000000000001,121.50024983720041,2.7128000000000005,-6.5,6.264081662615168,-70.5657,6.781836629426124
JAR-KUA-672ec752-1,0,0,3,6,0,42.01000000000001,142.93983292842708,2.1359999999999992,-7.0,7.048896884559888,-80.6966,7.089152984959482
JAR-KUA-672ec752-3,0,0,4,5,2,95.73999999999998,146.99354951196557,0.6731000000000014,-7.1,7.0921275659340655,-68.3079,7.1932752963702935
WAR-XCH-bdd24732-16,0,0,3,4,0,58.98,156.60249144451151,3.6366000000000014,-8.6,7.250875609779112,-86.8768,7.225499262293261
WAR-XCH-79d12f6e-4,1,0,4,3,1,66.48,129.88036895429258,1.5031199999999998,-6.2,6.264499465367964,-70.2682,6.321957166444669
WAR-XCH-b0339bbe-3,0,0,3,3,1,61.88,128.2647939073086,2.28622,-6.9,7.152147141969143,-75.3111,6.973009794816298
WAR-XCH-b0339bbe-19,1,0,3,4,0,58.98,156.60249144451151,3.6366000000000014,-8.5,7.251839758325003,-86.7467,7.271289236041732
RAI-NOV-2f6a9876-5,0,0,3,4,1,64.15,143.13239946353744,2.6864000000000012,-7.9,7.139390063492067,-87.7547,7.210720781385282
RAI-NOV-2f6a9876-7,0,0,3,6,1,62.14,154.09694650398725,3.152700000000001,-8.5,7.351183041236545,-92.2976,7.2644444956154945
JAR-IMP-ed466bb3-13,0,0,3,3,1,80.47,164.02155119535715,3.121900000000002,-8.0,6.512119317460318,-69.6792,6.809473369408376
SIM-SYN-3099a863-1,0,0,5,5,1,95.75,165.08924838326413,2.28614,-7.3,6.833271538184041,-78.6514,7.1756666183261135
MAK-UNK-0d6072ac-4,0,0,2,1,2,53.09,114.35774102629293,4.162600000000002,-6.8,6.205192888500383,-80.8633,6.336041798035293
MAK-UNK-0d6072ac-20,0,0,2,1,2,53.09,120.72268314068957,4.471020000000002,-6.8,6.256950696303695,-80.0996,6.299048184038183
MAK-UNK-0d6072ac-21,0,0,2,1,2,53.09,120.72268314068954,4.471020000000002,-6.9,6.3222704664224585,-80.1352,6.1524614499389445
STU-CHA-83dacf15-1,1,0,4,4,1,83.71000000000002,153.5192263275612,1.1694999999999998,-7.0,6.959397344155843,-71.8617,5.910121633477624
STU-CHA-7b3b91d5-1,1,0,6,4,1,61.88000000000001,175.64158182136362,2.2658,-7.5,7.269062418081917,-85.5739,7.425992689754688
STU-CHA-6cae54d3-1,1,0,5,4,1,65.12,175.03647337717038,1.7648,-7.0,7.780553338605838,-82.8657,7.644987606948607
TOB-UNK-c2aba166-1,0,0,2,2,0,23.55,83.63663784866463,0.002599999999999936,-4.9,5.246174196581199,-64.1286,4.781547034465534
NAU-LAT-f723e322-4,0,0,3,3,0,57.69000000000001,119.09747118182196,1.0174999999999998,-6.4,6.517624024198022,-73.0362,6.581957823953828
PAU-UNI-8cdd41c7-1,1,0,3,2,0,23.550000000000004,127.57115488783951,2.876400000000001,-6.2,6.708692236374732,-76.6185,6.810328464368963
TAM-UNI-d1c3dd9f-5,1,0,4,4,0,60.93000000000001,153.93916930075187,0.8873000000000002,-7.2,6.902894592799357,-79.9516,6.186417466810969
TAM-UNI-d1c3dd9f-12,0,0,5,4,1,65.12,164.7332071502887,1.1114000000000006,-7.6,7.149169058663548,-85.7998,7.359025810372633
TAM-UNI-d1c3dd9f-18,0,0,4,4,1,76.44,140.16341274238653,1.3996799999999998,-6.5,5.959599301753798,-77.6958,7.25731852336553
MAK-UNK-af83ef51-1,0,0,4,4,0,49.33000000000001,140.46101260203324,2.0266,-7.2,7.094853439671438,-79.4066,6.718911074758575
MAK-UNK-af83ef51-2,1,0,5,2,0,23.55,126.05944877726601,2.3907000000000007,-6.2,6.560745619380622,-77.8178,5.902540554223558
MAK-UNK-af83ef51-6,1,0,3,1,0,20.31,113.93467299266605,3.014920000000002,-6.0,5.767986647907644,-73.1138,6.164574921633923
NIM-UNI-ed9fc491-4,0,0,9,5,3,101.98,204.42837164601949,1.6799000000000002,-8.3,7.829454440992016,-100.863,7.827922350804419
GIA-UNK-20b63697-6,1,0,4,2,0,23.550000000000004,144.1484439669266,3.6910000000000025,-6.8,6.5599757200577224,-79.2898,6.677247015151518
ANT-OPE-c0c3e7cc-1,0,0,3,2,0,23.550000000000004,108.70163740380349,1.9069,-6.1,6.285538234543235,-68.7883,5.352850301198799
FRA-BIO-8bf1eac9-1,0,0,4,5,1,76.36,157.14357019354676,3.8139400000000014,-8.1,7.394760160338031,-72.3216,7.303486458874464
FRA-BIO-8bf1eac9-4,0,0,11,5,2,70.66999999999999,190.8880032405981,3.763500000000003,-7.1,7.387936671911426,-104.35,7.318764595571097
FRA-BIO-8bf1eac9-5,0,0,6,5,3,95.07999999999998,122.99833137822522,1.2703,-6.8,5.972995170052168,-79.1172,6.091667720057713
FRA-BIO-8bf1eac9-6,0,0,4,4,2,63.25,150.50507940969186,5.111620000000004,-6.5,7.074709046176047,-81.7536,7.195738059274065
FRA-BIO-8bf1eac9-8,0,0,7,4,2,64.68,209.62328687095527,3.7040000000000015,-9.0,7.433032290320791,-97.7201,7.356096133144631
FRA-BIO-8bf1eac9-9,0,0,6,4,3,95.07999999999998,121.85093713640154,0.5673999999999992,-6.7,6.883166294316797,-84.4589,6.401368683483182
FRA-BIO-8bf1eac9-12,0,0,6,7,1,101.22,163.20451432338766,3.0638000000000014,-8.3,7.1711389213564205,-90.0973,6.993453774947269
ANT-OPE-d972fbad-1,0,0,3,2,0,23.550000000000004,106.50223069233307,1.6558999999999997,-6.3,6.264303013486513,-76.2682,5.314453309135304
AUS-ARG-7cfdce8f-15,0,0,3,7,0,79.29,169.88204613044343,2.0009,-9.1,7.362470986679991,-91.1271,7.444685756521255
ANT-OPE-ab37bd51-1,0,0,4,2,2,48.13,106.29349568029706,2.2242,-6.0,6.669379300255308,-76.6195,6.863566984348982
ANT-OPE-ab37bd51-2,0,0,5,2,2,48.13,112.65843779469364,1.9018999999999997,-6.0,6.7704419163614205,-77.045,6.781836446053952
ANT-OPE-7824651a-1,0,0,4,4,0,66.92000000000002,153.59277153518047,2.215,-8.0,6.6349524030446725,-82.1998,6.952760996392501
NIM-UNI-02269248-3,0,0,4,7,1,114.42,145.61445200899843,-0.4211999999999985,-7.4,6.358909315073812,-75.0722,6.591346370932988
VIJ-CYC-1a381570-3,0,0,7,3,2,75.27,152.99737186892392,2.535800000000001,-7.4,7.086333571484076,-94.7101,6.630114245310253
VIJ-CYC-1a381570-10,0,0,5,3,2,67.43,131.2924771424859,3.0745000000000013,-6.2,6.402073437950939,-78.1511,6.529135639582639
DAR-DIA-fb20be43-6,1,0,3,3,0,47.34,140.40380876167671,2.594480000000001,-7.1,6.655689784992787,-79.3041,6.849797700577202
DAR-DIA-fb20be43-7,1,0,4,3,0,32.78,141.12477430971487,2.7314000000000007,-6.8,6.480789980519482,-84.6805,6.743171881007878
MAK-UNK-10572812-16,0,0,6,4,3,97.12,195.69149432947188,2.4723,-9.6,7.6101806307581175,-98.2832,7.608068479242981
WAR-XCH-b6889685-20,0,0,5,4,1,72.63,120.31915437027864,1.5869,-6.1,6.384033457209454,-70.848,5.616221339105335
WAR-XCH-b6889685-25,0,0,4,4,2,75.43,143.0826813016506,2.723320000000001,-7.4,6.412474752691757,-84.6548,7.002900450882452
WAR-XCH-b6889685-26,0,0,4,4,2,75.43,140.88327459018024,2.5540000000000003,-7.6,6.897369906093893,-86.0561,6.912455560717056
WAR-XCH-b6889685-29,0,0,4,4,2,75.43,136.717739187254,2.4149000000000003,-7.4,6.842870221611719,-84.2665,6.807440161449666
WAR-XCH-b6889685-30,0,0,4,4,2,75.43,143.0826813016506,2.723320000000001,-7.2,6.310967468975475,-78.8791,6.803706657398155
WAR-XCH-b72a1bbc-4,0,0,2,3,1,73.05,100.17375401033188,1.7044199999999998,-5.8,5.9619594116994135,-64.0026,6.169407779220777
WAR-XCH-b72a1bbc-7,0,0,3,4,1,76.54,123.96220626772282,2.311000000000001,-6.5,5.6315150445665445,-71.8654,5.576177793650798
WAR-XCH-b72a1bbc-9,0,0,3,4,1,72.63,107.58927014148544,0.9492,-6.2,6.598165967532468,-66.626,5.874228597791098
WAR-XCH-b72a1bbc-10,0,0,3,4,1,66.64,132.68949588623914,1.7886999999999993,-6.9,6.037950991286495,-70.1637,6.133594803252307
WAR-XCH-b72a1bbc-11,0,0,3,4,1,66.64,139.05443800063574,2.178799999999999,-6.8,6.4539408149628255,-69.1691,6.4834542899322845
WAR-XCH-b72a1bbc-14,0,0,3,4,2,83.63000000000002,107.26995866417458,0.5426999999999997,-6.4,6.472946181818185,-72.7796,6.012209902985903
WAR-XCH-b72a1bbc-15,0,0,3,4,1,76.29,130.3875249845925,2.1130000000000004,-6.9,6.025972102897107,-71.6436,6.1395662503607555
WAR-XCH-b72a1bbc-16,0,0,3,4,1,63.40000000000001,128.80824027405745,2.7795000000000014,-6.6,6.299108852314348,-69.9236,6.202633834054833
WAR-XCH-b72a1bbc-49,0,0,5,4,1,66.64,127.33038492537176,1.5020999999999998,-6.1,6.674725130425129,-72.7204,6.544829459984458
GAB-REV-4a4e2ff3-20,0,0,6,3,4,85.6,154.74128765417564,3.474000000000001,-7.8,7.127266252525248,-85.7245,7.04591955505605
JON-UIO-066ce08b-3,0,0,2,3,0,53.51000000000001,106.4074684025814,0.3147999999999993,-6.5,5.86620430641581,-70.7126,6.513259516705518
JON-UIO-066ce08b-9,0,0,4,2,0,23.55,126.28666006770716,2.6333200000000008,-6.0,6.3667163844488845,-75.7347,6.664669322510817
ALE-UNK-fca05062-1,0,0,15,5,4,120.0,272.27542605449304,4.328140000000003,-7.6,7.908035409534911,-105.045,7.793665029748037
ALE-UNK-fca05062-2,0,0,17,9,4,145.77999999999997,302.05837391680217,5.905200000000005,-7.2,8.019650986790994,-118.466,7.77012837445888
ALE-UNK-fca05062-3,0,0,6,2,1,38.33,125.50307952509935,3.0411400000000013,-6.5,5.744951231823731,-78.8235,6.277093154401152
BAR-COM-4e090d3a-2,0,0,4,9,2,128.91,169.55979574551893,2.2064999999999992,-9.0,7.422900077145082,-66.843,7.487783005161503
BAR-COM-4e090d3a-3,0,0,6,4,3,74.25,152.28048818961383,3.6742200000000014,-7.4,6.414554339937839,-88.74700000000001,7.0053893055833045
BAR-COM-4e090d3a-4,0,0,5,5,2,66.49000000000001,151.90287180887475,3.0740000000000016,-7.2,7.235346087357086,-83.1982,7.1423956228771255
BAR-COM-4e090d3a-5,0,0,7,7,3,119.98,149.7981182334401,1.6559999999999997,-7.3,7.398192872904878,-76.6022,7.323239779498286
BAR-COM-4e090d3a-6,1,0,5,6,1,77.63,156.19746581386337,2.1501,-7.6,7.225325066322575,-84.5041,7.150556339049836
BAR-COM-4e090d3a-9,0,0,6,8,1,107.44,166.27106518841262,2.7991400000000013,-7.5,7.2965882149517105,-86.3357,7.6299022604062685
BAR-COM-4e090d3a-10,0,0,8,6,3,113.07999999999998,170.95112275424802,2.3975,-8.4,7.454382385281385,-82.1418,7.584858168498168
BAR-COM-4e090d3a-11,0,0,7,3,1,54.88,147.52098234915292,3.8331000000000026,-7.0,6.7537802042402015,-90.9854,6.86401273953824
BAR-COM-4e090d3a-12,0,0,7,5,2,80.04,152.03619726016456,1.89572,-6.9,7.223309789266282,-88.3538,7.290458044372295
BAR-COM-4e090d3a-14,0,0,4,6,3,125.41,131.0887679642745,1.2304799999999998,-7.1,6.897153437950947,-76.209,7.141057421356428
BAR-COM-4e090d3a-15,0,0,7,3,1,51.22,157.3532037101983,4.537700000000003,-7.2,6.59818494538794,-88.7943,6.958624924242425
BAR-COM-4e090d3a-16,0,0,5,6,1,85.59,158.51142949037845,3.052500000000001,-7.9,7.109499139527142,-81.5653,7.507590994560991
BAR-COM-4e090d3a-19,1,0,8,5,2,93.46,162.23689156560786,2.828500000000002,-7.6,7.490225924603175,-103.331,7.533091972460547
BAR-COM-4e090d3a-20,0,0,5,4,2,66.91,136.10274551635752,3.5733000000000024,-7.0,7.0077967423132455,-82.5907,6.968606751692756
BAR-COM-4e090d3a-21,0,0,4,5,2,101.21,133.08424557121606,0.5792999999999993,-7.7,7.301157936951936,-80.69800000000002,7.5711274507714545
BAR-COM-4e090d3a-26,0,0,5,4,1,64.11,142.03137067665295,3.6791000000000023,-6.8,6.7906381078921125,-80.6873,6.9863226587301615
BAR-COM-4e090d3a-27,0,0,8,5,2,96.45,170.23247285930134,2.428300000000001,-7.4,7.393062290098789,-90.2923,7.182976855810847
BAR-COM-4e090d3a-29,0,0,6,4,2,66.91,144.3147192571806,3.3213000000000017,-7.0,7.043248267010768,-87.3564,6.998795700521695
BAR-COM-4e090d3a-31,0,0,8,6,1,89.35000000000002,164.43513826610427,2.1078,-7.0,7.527660692030191,-82.6523,7.465336425629919
BAR-COM-4e090d3a-34,0,0,7,6,2,89.27000000000002,133.81670135887146,1.0002999999999989,-7.0,7.09793758613609,-85.2465,7.306455115995113
BAR-COM-4e090d3a-36,0,0,7,5,1,73.22,141.39820785688903,1.9807,-6.3,6.9887753026418045,-83.2536,6.815458986901992
BAR-COM-4e090d3a-39,0,0,5,5,2,93.21,126.28298650271836,0.8825999999999998,-7.4,7.304923587412577,-71.9052,7.238586189976687
BAR-COM-4e090d3a-43,0,0,6,4,1,64.36,139.14424645409798,3.5466000000000024,-7.5,6.831010800144299,-76.7026,6.813955789099783
BAR-COM-4e090d3a-44,0,0,4,3,2,74.58000000000001,153.1090188175817,3.7194000000000016,-7.3,7.213119063963813,-74.4893,6.986705759312589
BAR-COM-4e090d3a-45,0,0,7,6,1,72.28,141.1472433912754,0.8579000000000008,-7.0,7.319518822122324,-84.2683,7.522628552947055
BAR-COM-4e090d3a-47,0,0,7,5,1,75.94,152.22144515911847,2.1646,-7.6,7.292247879453878,-92.5531,7.396396653679654
BAR-COM-4e090d3a-49,0,0,5,5,1,75.00999999999998,114.16687621807823,1.97548,-6.1,6.2546757606837655,-67.9274,6.545246412698416
BAR-COM-4e090d3a-50,0,0,6,6,1,86.33000000000001,127.12478228108921,1.2582999999999998,-7.4,6.8396154980019945,-80.6863,6.7902028189033095
BAR-COM-4e090d3a-51,0,0,5,6,1,81.81,132.1558261500193,0.9293,-6.8,7.149239674880674,-81.6302,7.311486315295813
BAR-COM-4e090d3a-52,0,0,6,5,2,81.07000000000002,124.8774982696659,1.7806999999999995,-6.6,6.2964089325674335,-76.5929,6.553242037518039
BAR-COM-4e090d3a-53,0,0,5,5,2,93.21,132.64792861711493,1.4435999999999998,-7.5,7.2216919575979555,-83.8857,7.340981388611389
BAR-COM-4e090d3a-54,0,0,7,6,2,88.61,152.0581232139794,1.5093,-7.5,7.152873778887777,-83.0753,7.339597267010766
BAR-COM-4e090d3a-56,0,0,5,4,2,87.21999999999998,145.99255485500942,1.8318,-7.4,7.315222291763798,-74.8347,7.167162048451548
BAR-COM-4e090d3a-57,0,0,6,5,3,108.39,160.4769152561619,2.6936000000000013,-7.9,7.096689525419023,-87.2271,6.917293724556495
BAR-COM-4e090d3a-58,0,0,4,5,2,66.49000000000001,132.66695547673956,2.3014,-7.0,6.969517489066491,-83.2255,7.0248218043623005
BAR-COM-4e090d3a-60,0,0,4,4,2,87.22,126.89772851181958,1.535,-7.6,7.069710269008765,-77.6162,7.033478674159178
BAR-COM-4e090d3a-62,0,0,6,5,2,99.23999999999998,127.61172577911668,0.7751999999999998,-6.0,6.9285444927295,-75.8385,7.286695207792206
BAR-COM-4e090d3a-64,0,0,6,5,1,64.11,164.3922065549395,4.339400000000003,-8.0,7.502176360028857,-90.7457,6.9057676539016555
BAR-COM-4e090d3a-65,0,0,5,4,1,64.36,129.192466151156,3.3161000000000023,-7.4,6.732153325119323,-72.4338,6.724530164668665
BAR-COM-4e090d3a-66,0,0,5,4,1,54.46000000000001,152.50988047839488,3.309400000000002,-7.0,7.148446252691747,-81.5147,6.759367929792428
BAR-COM-4e090d3a-68,0,0,4,4,3,90.9,126.39800374757809,2.1438,-7.4,7.028076546842043,-79.8124,6.970029504551
BAR-COM-4e090d3a-69,0,0,6,4,2,76.14,125.09342424765968,2.4422000000000006,-6.9,6.918578150016647,-78.0659,6.305291546953044
STE-KUL-2e0d2e88-1,0,0,5,3,1,52.65000000000001,129.4058909465212,0.799400000000001,-6.9,6.869328759795759,-79.8017,6.469595496003993
STE-KUL-2e0d2e88-2,0,0,5,3,1,52.65000000000001,152.08755547825638,1.952600000000001,-7.5,6.710602440836942,-76.5579,6.827227662948159
ALE-HEI-f28a35b5-1,0,0,2,2,2,54.02,99.6992760025606,3.0340200000000013,-5.2,5.6354713225108215,-47.9057,5.548444041847046
ALE-HEI-f28a35b5-4,0,0,2,5,2,79.8,95.7473888032698,1.88552,-6.4,5.7259733997668985,-65.7121,5.988668794427798
GAB-REV-70cc3ca5-8,0,0,5,5,1,92.26,151.30122012304588,2.19742,-7.2,7.271641347818849,-75.7178,7.0719590714285765
GAB-REV-70cc3ca5-18,0,0,3,3,2,70.67,115.62482886704514,2.44752,-6.4,6.832783560384054,-69.5377,6.703782250582753
GAB-REV-70cc3ca5-20,0,0,4,4,2,102.15,122.61502252277695,1.2186199999999998,-5.9,6.203786602952608,-68.9074,6.482882992784992
GAB-REV-70cc3ca5-22,0,0,4,4,1,68.02000000000001,131.87820605138594,3.7559200000000015,-7.2,7.085904725552227,-72.3715,6.88956029281829
ALV-UNI-7ff1a6f9-14,0,0,2,3,1,45.98,148.49280392720752,4.9921200000000026,-8.0,7.152493798701296,-77.4052,6.9637517756132805
ALV-UNI-7ff1a6f9-43,0,0,2,4,0,30.19,130.27388867646476,4.572320000000002,-7.0,7.064051762848258,-71.7979,7.113703870129867
ALV-UNI-7ff1a6f9-45,0,0,3,2,1,41.99,123.19602046508436,3.7244200000000016,-6.9,6.311938468753469,-79.4024,6.4917600180375175
ALV-UNI-7ff1a6f9-46,0,0,3,2,1,41.99,135.69262667386306,4.434800000000002,-7.7,6.7877044796869805,-88.1351,6.797838810078808
ALV-UNI-7ff1a6f9-47,0,0,4,3,1,51.22,128.30956569459127,3.4246000000000016,-6.9,6.259273323565326,-80.1084,6.524316658785665
PET-SGC-a8a902d9-1,0,0,5,5,2,65.46000000000001,145.89260815901042,2.978120000000001,-7.0,6.977593594128092,-79.7623,7.131077110778108
BEN-DND-362d364a-10,0,0,7,5,2,91.4,137.07649712075866,0.8139000000000003,-7.1,7.023470961760459,-81.4663,7.1357454083694085
DAV-CRI-14a23e73-1,1,0,5,3,2,89.25999999999998,150.36684910999037,3.0704,-7.0,6.716297257076263,-75.3926,7.001267444444442
DAV-CRI-3edb475e-4,1,0,4,2,2,49.33,98.00332206669457,1.7284,-5.5,5.215488907925414,-67.0804,5.3980409783549765
DAV-CRI-3edb475e-6,1,0,3,1,1,29.1,97.37462371742477,2.895100000000001,-5.6,5.299731117993117,-69.7068,5.457731693584191
FAR-UNI-a04c1544-1,0,0,9,6,3,113.96,168.37859123368764,1.1742000000000004,-7.1,7.046419122433119,-109.268,7.066225237873239
MAK-UNK-9159f8ed-6,0,0,5,4,2,95.57999999999998,151.6156969883335,2.4372000000000007,-7.5,6.5930025859140855,-82.1656,6.853099376956375
MAK-UNK-9159f8ed-7,0,0,5,5,1,92.78,151.1793800342323,2.404100000000001,-7.3,6.719960972749474,-87.1091,6.548531593073587
MAK-UNK-6435e6c2-1,0,0,2,4,0,57.69000000000001,104.69755325562448,0.6009,-6.0,6.928906536796531,-66.6747,7.151930862470857
MAK-UNK-6435e6c2-5,0,0,2,3,0,57.69000000000001,111.22272538813922,0.6784999999999999,-6.9,6.504725848151847,-74.7213,6.491138937950942
MAK-UNK-6435e6c2-6,0,0,2,3,0,57.69000000000001,115.38826079106548,0.8176000000000001,-6.8,6.506306903707402,-67.3131,6.2536512902652905
DAN-PUR-6788a628-2,0,0,5,4,1,97.54,105.00438996544504,-0.8836999999999997,-6.0,5.90612663997114,-62.5129,5.1100655214230235
RUT-UNI-630c5802-20,0,0,8,5,0,51.02,158.17663704823298,4.3479000000000045,-6.7,7.325204031135532,-89.0033,7.4435480836940835
GER-UNI-05c7e912-1,0,0,3,4,1,77.98,147.47998201558556,3.5139200000000006,-7.7,7.050687483571982,-70.0288,6.997883057220558
GIA-UNK-a79af1bc-1,1,0,3,4,1,58.12000000000001,117.92383113816707,1.7351400000000001,-5.8,5.867932411033407,-70.4863,5.865103005772013
NIR-THE-0d6461ce-8,1,0,3,1,0,20.31,124.23793921954771,3.668320000000002,-6.1,5.266325275946271,-76.6386,6.031344238095239
NIR-THE-c331be7a-1,1,0,2,2,1,46.33,128.87188943815633,2.981700000000002,-6.8,6.502507966144964,-76.2028,6.61201313064713
NIR-THE-c331be7a-2,1,0,2,2,0,44.1,134.28952053700894,3.271180000000002,-7.5,6.514728058497058,-77.1674,6.771679502164509
NIR-THE-c331be7a-6,1,0,2,1,0,20.31,129.8969408555402,3.7079200000000014,-6.9,6.32021125518925,-77.4733,6.4965270791430845
DAR-DIA-eace69ff-36,0,0,2,1,2,27.82,75.76750988757395,2.0264,-5.4,5.641847870851373,-68.1822,5.106134048729046
GAB-FAC-880f6604-1,0,0,5,3,3,66.05,148.7645464621083,4.260900000000002,-7.5,7.138245945276946,-82.8719,7.200275780663778
VIR-GIT-7b3d3065-2,0,0,2,2,0,40.62000000000001,113.25287186090635,1.4763,-6.3,5.6339850753690754,-72.2252,5.638360282828278
VIR-GIT-7b3d3065-3,0,0,3,2,0,40.62000000000001,107.89376090003894,1.3305999999999998,-5.2,6.024353009102006,-65.6756,5.8012261558441445
GIA-UNK-3f36037a-1,0,0,3,3,1,58.64,107.85317937693621,0.6841999999999995,-6.2,6.047892115162612,-69.4881,6.234645370462863
GIA-UNK-3f36037a-6,0,0,4,3,1,58.64,112.09139416454643,0.5517000000000001,-6.6,5.438963752636251,-73.6763,6.188874912476409
GIA-UNK-3f36037a-7,0,0,4,3,2,71.09,110.225740217001,2.0489,-6.7,6.572156237651242,-74.5853,6.718487336274833
DAN-LON-a5fc619e-3,1,0,5,2,0,23.550000000000004,142.7276571185443,3.6377000000000015,-6.7,6.8700688145188185,-81.1983,6.721398474747473
DAN-LON-a5fc619e-8,1,0,3,2,0,23.550000000000004,122.62699962182523,2.3639,-6.3,6.266003326118323,-74.3398,6.755954118770118
DAN-LON-a5fc619e-10,0,0,5,2,0,23.550000000000004,158.68992498141844,3.8343000000000034,-7.2,6.891914599234098,-85.6419,6.865600695526693
JOH-MSK-ec639444-2,0,0,4,2,1,38.33,113.89409146956328,2.5676000000000005,-6.6,6.234260806471305,-73.5548,6.229452950049953
CHR-SOS-363cfb78-1,0,0,2,4,2,90.7,103.3115036649758,1.99228,-5.7,5.592893958208465,-52.0042,5.824648498223999
CHR-SOS-363cfb78-2,0,0,2,4,2,90.7,109.6764457793724,2.3007,-5.8,5.802737996059506,-55.1733,5.655381381007883
GIA-UNK-595fac82-2,0,0,2,3,1,58.64,112.09139416454643,1.6471999999999998,-6.1,5.953529236430239,-63.7097,6.149015154734154
GIA-UNK-595fac82-5,0,0,3,3,1,41.57,107.9298720645027,2.007,-6.1,6.305388992507491,-72.1931,6.284566880230871
CHR-SOS-7098f804-4,0,0,2,2,2,49.33,113.9655899295688,3.951300000000001,-6.6,5.568803884060376,-71.6021,5.806296320679317
CHR-SOS-7098f804-7,0,0,2,2,2,49.33,103.66232370268708,3.2979000000000016,-6.7,5.853461533522028,-71.8563,5.898074663669656
CHR-SOS-7098f804-10,1,0,2,3,2,62.22,113.18523791051528,3.3463000000000007,-6.0,5.552044152236652,-63.0395,6.028081536796532
CHR-SOS-7098f804-11,0,0,2,3,2,62.22,102.8819716836336,2.692900000000001,-5.8,5.520270148240644,-58.6352,5.1397324990565005
CHR-SOS-7098f804-12,0,0,2,2,1,41.99,98.08773793143759,2.987300000000001,-6.3,5.712922288211787,-73.745,5.942399392218893
CHR-SOS-7098f804-14,1,0,3,2,1,41.99,133.14483213750165,4.654300000000003,-6.8,5.673227140581641,-68.2102,6.782058759074256
CHR-SOS-7098f804-21,0,0,2,2,1,41.99,108.39100415831928,3.6407000000000016,-6.4,5.793003591963598,-71.2084,6.286241166722168
GIA-UNK-eaadd1d4-1,0,0,2,3,0,49.85000000000001,130.39036084080237,1.3976000000000002,-7.6,6.492315536796531,-70.7923,6.349160248917742
GIA-UNK-eaadd1d4-3,0,0,3,4,0,66.92,136.6246725187771,0.9461000000000004,-7.1,6.4796188606948615,-65.9782,6.469105087912091
TRI-UNI-97428359-1,0,0,6,4,2,60.50000000000001,148.40276487581775,1.7029999999999992,-7.5,7.031347095238098,-85.6626,6.992446491341988
CHR-SOS-f7373dd1-4,0,0,4,2,1,41.99,124.96829323740634,3.922200000000002,-6.3,6.3800421678321735,-77.57300000000002,6.6612281230991215
ANN-UNI-26382800-3,0,0,2,3,2,77.81,104.0918556840293,2.5972800000000005,-5.7,5.647054480519477,-55.0764,5.6084567712842786
ANN-UNI-26382800-5,0,0,3,3,1,65.78,104.90693561481785,2.13448,-6.7,6.772464861305361,-75.977,6.344391371017879
ANN-UNI-26382800-6,0,0,3,3,2,74.15,116.35069504698627,3.2108800000000004,-6.2,6.720701054667552,-52.9175,6.013149000721503
DUN-NEW-f8ce3686-13,0,0,5,4,1,63.57000000000001,140.92207483268447,1.1787000000000003,-7.4,6.865776459928956,-84.3591,6.842130696914199
DUN-NEW-f8ce3686-22,1,0,3,3,0,57.69000000000001,123.72539832649127,1.0703,-6.0,6.0467678799533795,-74.6248,6.406260467254969
DUN-NEW-f8ce3686-23,1,0,7,5,2,88.16,159.81523015279726,2.994600000000002,-7.3,7.121479096570098,-79.6662,7.0993488812298855
DUN-NEW-f8ce3686-24,1,0,6,3,2,68.44,158.0266001280639,1.7295,-7.3,7.258346906371402,-85.1694,6.8915347806637826
DUN-NEW-f8ce3686-25,0,0,7,3,0,57.69000000000001,149.18516678407772,1.9680999999999995,-7.0,6.870796839160845,-84.7366,6.8124879519369514
AGN-NEW-891393a6-1,1,0,3,4,1,60.45,114.67977050484795,3.3545000000000016,-6.3,5.850186069264067,-73.1647,6.50427102131202
MIH-UNI-6b9ca91a-5,0,0,3,3,2,56.05,99.955057171627,2.8759799999999998,-7.1,6.386914807248303,-77.3781,6.566792986346981
AGN-NEW-c7b24fe3-5,0,0,3,2,1,41.99,116.18178966648671,2.8975000000000013,-6.7,6.127994217671215,-77.3813,6.423068410422911
PAT-GYR-359dbb24-1,0,0,2,2,1,41.57000000000001,106.92909745636193,1.2097,-6.8,5.376986950105453,-74.7142,6.484128597458098
ANT-LOU-17aa1493-2,0,0,8,8,2,113.58,173.5120741850788,2.3153999999999995,-5.8,5.914399715839718,-70.7104,6.212295170607165
KIM-UNI-2ee5d8f9-1,0,0,2,3,1,43.78,111.75885618627218,1.7097,-6.3,6.338827166278162,-74.6188,6.4347740154845114
ANT-STE-dbb91f63-1,0,0,5,6,0,63.49,145.29553899035582,1.1588999999999996,-7.1,6.785020259795762,-77.3139,7.079330149017642
JOR-UNI-2fc98d0b-6,0,0,5,4,1,57.7,151.9047720342016,3.105700000000001,-7.3,7.251850178488178,-78.71,7.14742703829504
JOR-UNI-2fc98d0b-12,1,0,5,2,1,45.23,153.7612773632846,5.7439000000000044,-7.7,6.780095595238099,-83.9367,6.8594241919191905
ADA-UNI-f8e79267-5,0,0,6,3,2,54.02,118.7941023457504,2.4134,-5.9,6.818861379620388,-79.7366,6.823287871017872
PAT-UNK-b2d83456-1,0,0,2,3,0,47.34,107.41887800305985,1.22238,-6.7,6.822959316849817,-73.8708,6.8917380765900855
ANT-DIA-b7f58f21-2,0,0,4,3,2,66.4,83.63110129090595,0.4838999999999998,-5.5,5.295391715395723,-68.4681,5.472797288433789
ANT-DIA-b7f58f21-3,0,0,4,3,2,66.4,83.63110129090595,0.4838999999999996,-5.3,4.814521998445999,-64.8278,5.1933531823731816
TRY-UNI-1fd04853-5,0,0,4,2,2,57.78,126.70844711298031,3.0752000000000006,-7.4,6.8509928589743625,-85.1778,6.8189622490842545
TRY-UNI-1fd04853-7,0,0,4,2,2,57.78,126.70844711298031,3.0752000000000006,-7.3,6.247618504107004,-82.9482,6.725922688089688
TRY-UNI-1fd04853-8,0,0,4,3,2,81.57000000000002,127.16270268196396,2.2934800000000006,-7.3,7.037782836219336,-81.4459,7.049162903485412
TRY-UNI-1fd04853-9,0,0,4,3,2,70.67,125.92809509392679,2.4702,-7.2,7.007053739538248,-75.995,6.980331487623488
TRY-UNI-1fd04853-11,0,0,4,3,2,70.67,125.92809509392679,2.4702,-7.3,6.918452946164954,-79.059,7.043233430180941
TRY-UNI-1fd04853-12,0,0,4,4,2,94.46,126.38235066291044,1.68848,-7.3,7.222489762959268,-82.7553,7.220749793095794
TRY-UNI-714a760b-5,0,0,3,2,1,41.99,100.51435593334915,2.5712200000000003,-6.1,6.271971700077697,-74.5346,6.034709078643591
TRY-UNI-714a760b-6,1,0,3,2,1,41.99,110.81762216023078,3.2246200000000016,-6.4,6.3772530531690546,-68.7197,6.414522927572426
TRY-UNI-714a760b-12,1,0,2,2,2,54.02,110.00254222944227,3.687420000000001,-5.3,5.689922825396825,-44.5084,5.560251909812406
TRY-UNI-714a760b-16,0,0,3,2,1,41.99,109.00602537453214,3.5449200000000016,-6.1,6.360644730824734,-68.5129,6.369283479076478
TRY-UNI-714a760b-18,1,0,3,2,1,41.99,117.18256427462742,3.7856200000000015,-5.8,6.064690346597848,-66.2815,6.374983716561217
TRY-UNI-714a760b-20,1,0,3,3,1,65.78,111.27187772921448,2.4429000000000007,-6.8,6.781502936951936,-76.6817,6.921312402486406
TRY-UNI-714a760b-22,1,0,3,3,1,65.78,117.63681984361106,3.0039000000000016,-6.4,6.822023072039075,-66.7106,6.917609620490618
TRY-UNI-714a760b-24,0,0,2,3,2,77.81,110.45679779842592,2.9057000000000004,-5.6,5.84349677811078,-45.8667,6.43009789069264
WAR-XCH-eb7b662f-2,0,0,2,3,2,77.81,114.39512191091094,3.25068,-5.9,6.278664760794761,-57.3772,5.760060563825066
WAR-XCH-eb7b662f-4,0,0,2,3,3,74.25,108.43183386724165,3.0846,-6.7,6.039672379620384,-66.9633,6.0470579567099545
WAR-XCH-eb7b662f-5,0,0,2,2,2,54.02,110.00254222944223,3.687420000000001,-5.4,5.916867325008326,-56.618,5.609541283549782
DAR-DIA-842b4336-3,0,0,2,3,2,54.02,97.33963927297206,3.0955200000000005,-5.2,5.574963566766577,-60.5381,6.035633055888566
DAR-DIA-842b4336-4,0,0,2,3,2,54.02,101.27796338545713,3.440500000000001,-6.2,5.742400943778446,-72.5664,6.278891093129094
DAR-DIA-842b4336-7,0,0,2,4,2,80.05,91.71325324758386,2.0220199999999995,-6.0,5.662360566322574,-62.9061,5.673959808080814
DAR-DIA-842b4336-13,0,0,3,3,1,41.99,102.09304331624568,2.9777000000000005,-5.9,6.208389474414476,-72.0692,6.147167772061271
DAR-DIA-842b4336-18,0,0,3,3,2,57.78,114.04554415651009,3.1140200000000013,-6.4,5.936615176212674,-73.2059,6.2141968689088705
DAR-DIA-23aa0b97-1,0,0,3,3,2,81.57000000000002,120.79776056756735,2.61578,-7.4,7.004507913863917,-75.7268,7.090294814407812
DAR-DIA-23aa0b97-2,0,0,3,4,2,94.46,120.01740854851386,2.01078,-7.1,7.112245896880897,-73.7941,7.205598551559553
DAR-DIA-23aa0b97-5,0,0,2,3,2,77.81,104.0918556840293,2.59728,-5.7,6.265916460761469,-54.1548,5.764970317460321
DAR-DIA-23aa0b97-8,1,0,2,4,3,103.83,109.431746381042,2.17948,-6.1,6.037732196803201,-57.9693,5.174759938727941
DAR-DIA-23aa0b97-11,0,0,2,3,3,93.6,119.9826806367788,3.0785800000000005,-6.9,6.628145952103457,-62.6595,7.1137709776334805
DAR-DIA-23aa0b97-12,0,0,3,2,2,57.78,120.34350499858371,3.3975000000000013,-7.1,6.8826970319680365,-82.3438,6.829521233211235
DAR-DIA-23aa0b97-13,0,0,2,3,3,80.03999999999998,108.97749081205838,2.9612000000000007,-5.7,5.9352386128871135,-56.5917,5.676097200965701
DAR-DIA-23aa0b97-14,0,0,2,2,2,54.02,103.63760011504564,3.3790000000000013,-6.3,5.547126531746036,-63.8572,6.264376728771228
DAR-DIA-23aa0b97-15,0,0,2,3,2,66.91,102.85724809599212,2.7739999999999996,-6.2,5.479309992396495,-62.0836,5.861191899489406
DAR-DIA-23aa0b97-17,0,0,3,4,1,78.67,104.12658359576434,1.5294799999999995,-6.5,6.595699367965367,-74.1667,7.054005727328226
DAR-DIA-23aa0b97-19,1,0,3,3,1,65.78,127.58860014655303,3.2876800000000017,-6.6,6.733869505050508,-79.4982,6.85239687229437
DAR-DIA-23aa0b97-20,1,0,3,2,1,41.99,116.83107835068778,3.4160000000000013,-7.0,6.307345873404374,-77.361,6.383953595959602
ANT-DIA-3c79be55-4,0,0,4,5,1,89.27,109.93408357921257,1.4715,-6.3,5.81000171683872,-71.5816,6.3859361112221125
