CID,FormalCharge,NumRotatableBonds,NumHAcceptors,NumHDonors,TPSA,LabuteASA,MolLogP
LON-WEI-4d77710c-2,0,6,6,0,94.31,182.5634726665346,4.4265000000000025
LON-WEI-4d77710c-4,0,4,3,2,63.13,166.0797501841626,5.3724200000000035
LON-WEI-4d77710c-5,0,4,5,2,81.59,149.70940880874187,3.1997000000000018
LON-WEI-4d77710c-6,0,3,4,2,80.2,143.64384044977183,3.3851000000000013
LON-WEI-4d77710c-8,0,6,9,0,132.96,178.65619271438686,2.13352
LON-WEI-4d77710c-9,0,4,5,2,89.16000000000003,144.17753612931398,3.597920000000002
LON-WEI-4d77710c-10,0,6,7,1,107.48,177.305964148909,2.7626000000000013
LON-WEI-4d77710c-11,0,5,9,0,132.96,172.29125059999024,1.7434200000000004
LON-WEI-4d77710c-12,0,4,5,2,89.42999999999998,155.12232779367528,3.3592000000000017
LON-WEI-4d77710c-13,0,5,4,2,72.36000000000001,146.7225909060214,2.958000000000001
LON-WEI-4d77710c-18,0,4,5,2,81.59,149.70940880874187,3.1997000000000018
LON-WEI-4d77710c-19,0,3,2,1,57.61,115.81954625210513,2.4683
LON-WEI-4d77710c-20,0,6,3,3,78.92,174.4679696456674,4.503000000000003
LON-WEI-4d77710c-22,0,4,4,2,76.02000000000002,145.06690844507122,3.6965000000000017
LON-WEI-4d77710c-23,0,2,3,2,63.13,145.61398244411018,4.2013000000000025
LON-WEI-4d77710c-24,0,7,6,1,68.28999999999999,187.91422244464403,5.896500000000003
LON-WEI-4d77710c-26,0,3,3,2,70.65,120.77985595287755,2.26802
LON-WEI-4d77710c-27,0,4,3,2,63.13,154.33892990530774,4.501800000000004
LON-WEI-4d77710c-28,0,7,5,2,81.59,175.16917726632823,3.996400000000003
LON-WEI-4d77710c-29,0,7,7,2,102.31999999999998,177.4421075026197,3.8636000000000026
LON-WEI-4d77710c-30,0,4,5,2,76.02000000000002,165.38893624721788,4.9112000000000045
LON-WEI-4d77710c-32,0,3,3,1,39.06,121.13637960608132,2.37978
LON-WEI-4d77710c-33,0,3,5,1,72.80000000000003,174.37331759939434,3.706900000000002
LON-WEI-4d77710c-36,0,3,4,2,72.36,154.8991298061166,4.152920000000003
LON-WEI-4d77710c-39,0,5,4,2,76.27000000000002,145.00653184259812,3.274300000000001
LON-WEI-4d77710c-40,0,6,3,2,63.13,160.0142689875201,4.669500000000004
LON-WEI-4d77710c-41,0,5,7,1,122.74,172.9500621104921,2.1107
LON-WEI-4d77710c-42,0,4,3,2,63.13,170.3011977681819,4.856600000000004
LON-WEI-4d77710c-43,0,5,4,2,72.36,173.99395614930646,5.271920000000004
LON-WEI-4d77710c-44,0,5,4,2,76.27000000000002,145.00653184259818,3.5722000000000014
LON-WEI-4d77710c-48,0,8,5,2,81.59,181.53411938072486,4.038900000000004
LON-WEI-4d77710c-51,0,6,5,2,89.16,163.27236247250372,3.6265400000000017
LON-WEI-4d77710c-55,0,5,5,2,81.59,167.7984039984024,3.7079000000000018
LON-WEI-4d77710c-58,0,5,6,2,85.25,176.86742359112134,4.919800000000004
LON-WEI-4d77710c-61,0,8,10,0,109.11,195.39557498886376,5.622200000000002
LON-WEI-4d77710c-62,0,0,5,4,108.05,66.65833580394896,-0.048700000000000236
LON-WEI-4d77710c-63,0,3,6,0,70.15,126.85299432651566,2.930740000000001
LON-WEI-4d77710c-64,0,6,4,1,46.17,179.05997910139274,6.940500000000003
LON-WEI-4d77710c-65,0,4,8,0,94.95,145.84353578280903,4.550000000000003
LON-WEI-4d77710c-66,0,3,9,0,86.97,139.2436910502295,2.555040000000001
LON-WEI-4d77710c-67,0,4,8,0,94.95,130.68703355210434,3.9059
LON-WEI-4d77710c-69,0,5,6,2,97.16,169.66942543567987,5.865300000000002
LON-WEI-4d77710c-70,0,2,5,0,58.68,102.10907525289964,2.38218
LON-WEI-4d77710c-71,0,4,8,0,94.7,126.84063247368759,3.0545000000000013
LON-WEI-4d77710c-73,0,4,8,0,93.17,159.6569931769322,3.304320000000001
LON-WEI-4d77710c-74,0,6,6,1,92.78,165.59464259606318,3.460500000000001
LON-WEI-4d77710c-75,0,4,4,1,66.48,143.58969103771938,3.592220000000002
LON-WEI-4d77710c-76,0,4,9,0,82.0,155.31379573429697,4.054000000000002
MAT-POS-02ae579f-1,0,8,3,1,62.55,216.47976948816049,6.463200000000006
MAT-POS-02ae579f-2,0,2,3,3,82.7,115.58124710043785,1.5105
LOR-NOR-f9b26152-1,0,1,3,1,55.4,78.67238532528627,0.9691
MAT-POS-2492181e-5,0,4,4,2,63.13,137.1226816201396,2.9642000000000017
MAT-POS-b5746674-34,0,9,5,2,79.51,169.8611918559913,3.5553000000000026
MAT-POS-b5746674-37,0,5,5,1,76.71000000000002,162.05410163396434,3.3446000000000025
MAT-POS-b5746674-38,0,8,5,1,76.71000000000002,169.42487490189012,3.9807000000000015
MAT-POS-b5746674-42,0,4,3,1,54.34,152.4221740651166,4.159300000000003
MAT-POS-b5746674-78,0,6,4,2,71.19,149.36650742635447,3.4985000000000017
MAT-POS-b5746674-97,0,3,5,2,92.67,156.64394667626846,2.2809
MAT-POS-b5746674-98,0,5,4,2,66.37,169.69608932398867,3.1084000000000014
MAT-POS-b5746674-100,0,7,4,2,83.44,164.26028567555485,2.791500000000002
MAT-POS-b5746674-101,0,4,3,1,54.34,170.51116925477723,4.678900000000004
MAT-POS-b5746674-107,0,5,3,1,54.34,183.24105348357045,5.144100000000004
MAT-POS-b5746674-108,0,7,4,2,66.37,195.155857781575,4.609520000000004
MAT-POS-ea426761-10,0,6,5,2,79.89999999999998,153.50863359153246,4.011300000000002
MAT-POS-ea426761-13,0,2,4,1,55.13,102.90601094590357,2.9316000000000013
MAT-POS-ea426761-45,0,4,5,1,52.23,148.0885910161145,3.091000000000001
MAT-POS-af71705c-2,0,4,5,2,78.73,174.56154783008373,4.0028000000000015
JOH-UNI-591f77bd-1,0,4,5,2,66.84,144.83437982002675,2.5691999999999995
EDJ-MED-0e996074-1,0,3,5,1,69.04,121.68324077034487,2.1178
MAT-POS-3d050446-1,0,6,4,2,77.81,148.64645048480557,3.6056800000000018
LOR-NOR-30067bb9-1,0,1,3,1,49.41,93.24213355271709,1.4216
LOR-NOR-30067bb9-2,0,3,4,1,72.47,126.45535045726105,2.4868200000000003
LOR-NOR-30067bb9-3,0,5,3,0,46.61,132.80706607069428,3.338400000000002
LOR-NOR-30067bb9-5,0,4,3,0,46.61,132.80706607069428,3.2567200000000014
LOR-NOR-30067bb9-6,0,4,3,0,46.61,136.37134744945394,3.577300000000002
LOR-NOR-30067bb9-7,0,4,4,0,55.84,147.84983479335742,3.5042200000000028
LOR-NOR-30067bb9-12,0,2,3,1,66.48,125.00691864072466,1.8931
MAT-POS-c9973a83-1,0,4,3,1,51.22,122.2961095041343,3.233220000000001
COM-UCB-8c7d23dc-15,0,3,5,2,87.97,130.57663625714434,2.3717
COM-UCB-8c7d23dc-18,0,2,6,2,105.81,141.05690634483943,2.2719400000000003
JAG-UCB-119787ef-1,0,3,5,1,69.04,131.98650699722654,2.771200000000001
BRU-THA-a358fbdd-2,0,3,5,1,69.04,128.0481828847415,2.2919
BRU-THA-a358fbdd-7,0,3,5,1,69.04,125.8487761732711,2.2569
LON-WEI-0a73fcb8-2,0,3,4,0,51.66,139.3436792955005,3.2727000000000017
LON-WEI-0a73fcb8-3,0,2,5,1,68.52000000000001,140.7620756980949,3.026600000000001
LON-WEI-0a73fcb8-4,0,4,5,1,69.03999999999999,144.71639122601974,2.7573200000000013
LON-WEI-0a73fcb8-5,0,2,3,0,42.43000000000001,138.16845817847866,3.917500000000003
LON-WEI-0a73fcb8-6,0,3,4,1,51.22,138.0254679642064,4.424700000000003
LON-WEI-0a73fcb8-7,0,3,4,2,71.45,132.44945421719768,2.7321000000000013
LON-WEI-1908424e-1,0,5,5,1,90.06,108.5864635634586,1.1077
LON-WEI-1908424e-3,0,3,9,1,102.52,164.22316067706996,1.2077999999999998
LON-WEI-1908424e-4,0,4,7,2,107.85,169.25294136824138,2.9106700000000005
LON-WEI-1908424e-6,0,9,7,1,100.0,173.584476950165,2.9160000000000013
LON-WEI-1908424e-11,0,4,5,1,79.6,168.28490614187768,3.2268000000000017
LON-WEI-1908424e-15,0,2,6,2,102.48,114.03257839734287,1.0921199999999998
NAU-LAT-8502cac5-2,0,3,5,1,69.04,125.62156488282992,2.3811
NAU-LAT-8502cac5-6,0,3,5,1,69.04,142.5896638992334,3.035400000000002
NAU-LAT-8502cac5-8,0,3,6,1,93.95,133.19509392262458,1.5127
ADA-UCB-6c2cb422-1,0,3,2,1,41.99,127.13434457756941,4.069400000000002
ADA-UCB-6c2cb422-3,0,3,3,2,54.02,124.1532133066178,2.21692
IAN-BAS-5394d4c4-1,0,6,4,3,91.81,183.63939792955588,4.265400000000001
JAG-UCB-c37fbdcd-1,0,4,3,1,65.64,160.46821225357934,3.6323000000000025
JAN-GHE-c863d918-1,0,4,3,2,71.92,122.41012843702974,1.5259799999999992
VLA-UCB-00f2c2b3-2,0,3,3,2,70.67,115.59328243544986,2.44752
LON-WEI-ff7b210a-2,0,4,6,0,94.31,153.6441092844261,3.3704000000000027
LON-WEI-ff7b210a-3,0,3,3,1,55.4,127.96916743942964,2.895900000000001
LON-WEI-ff7b210a-4,0,5,5,1,89.02,161.7197627290279,3.3766000000000016
LON-WEI-ff7b210a-5,0,3,6,0,86.22,97.5341994771953,0.7101999999999999
LON-WEI-ff7b210a-11,0,3,4,0,29.43,118.15987962834848,4.012100000000002
ALP-POS-d2866bdf-1,0,6,6,0,54.26000000000001,167.16885435251731,3.792200000000003
ROD-LAS-d5538ff9-3,0,3,3,2,70.14,94.35076007284832,1.4400999999999995
ROD-LAS-d5538ff9-4,0,6,5,2,70.79,184.7865957560638,4.716700000000003
ROD-LAS-d5538ff9-9,0,3,5,2,110.05,129.8886221233455,3.1820000000000004
LON-WEI-babf2c61-1,0,8,3,1,62.3,210.19154142245682,5.790800000000004
LON-WEI-babf2c61-2,0,8,3,1,62.3,206.25321730997175,5.445820000000005
LON-WEI-babf2c61-3,0,8,4,1,86.09,210.64579699144048,5.009080000000004
LON-WEI-babf2c61-4,0,8,4,2,82.53,204.68250894777114,4.843000000000004
LON-WEI-babf2c61-5,0,8,3,1,62.3,203.5933212880457,5.512100000000004
LON-WEI-babf2c61-6,0,8,3,1,62.3,199.6549971755606,5.167120000000004
LON-WEI-babf2c61-7,0,8,4,1,86.09,204.04757685702938,4.730380000000004
LON-WEI-babf2c61-8,0,8,4,2,82.53,198.08428881336,4.564300000000004
LON-WEI-babf2c61-9,0,8,3,1,62.3,193.29005506116403,4.858700000000004
LON-WEI-babf2c61-10,0,8,5,1,88.33,191.85360874636777,4.125400000000004
LON-WEI-babf2c61-11,0,8,5,1,88.33,202.15687497324944,4.778800000000004
LON-WEI-babf2c61-13,0,8,5,1,88.33,198.2185508607644,4.4338200000000025
JAG-UCB-4709a583-1,0,3,6,1,75.42,136.4624767168117,1.9951
DAR-DIA-8e329c92-9,0,4,2,2,61.96,150.03920709686332,3.6538000000000017
JAG-UCB-ef2c0e8e-2,0,2,2,2,58.2,101.54059871089576,1.6662
JAG-UCB-ef2c0e8e-7,0,3,5,3,104.7,120.91416997808363,0.8438999999999994
JAG-UCB-ef2c0e8e-8,0,4,3,1,80.47,119.36713124081557,1.02212
ERI-BAS-37e2bb46-1,0,4,6,2,93.18,166.53790633404267,3.2757000000000014
ERI-BAS-bd3ef700-1,0,6,4,3,103.01000000000002,174.25880948208766,3.2242200000000016
ALP-POS-c59291d4-1,0,6,5,0,51.02,183.73623065958472,5.393200000000005
ALP-POS-c59291d4-2,0,7,6,1,80.12,177.48534708036235,4.074700000000003
ALP-POS-c59291d4-3,0,7,6,1,80.12,182.8444580412297,4.074700000000003
ALP-POS-c59291d4-4,0,6,6,1,63.05,160.5939407515254,3.7679000000000022
ALP-POS-c59291d4-6,0,5,4,1,75.44,189.20667208891004,5.274900000000005
ALP-POS-c0c213c9-9,0,8,7,0,78.07000000000002,202.58856429596176,4.4268000000000045
ALP-POS-c0c213c9-14,0,6,5,0,63.91,169.03033938437642,3.653000000000002
MAT-POS-c79fcd02-1,0,8,7,1,87.5,178.89932161382774,3.5572000000000017
ALP-POS-91609ae9-1,0,4,2,1,52.23,128.08558292770442,2.8093200000000014
ALP-POS-91609ae9-2,0,4,4,1,62.46,137.8566764741143,3.1249200000000017
ALP-POS-91609ae9-3,0,3,3,1,65.12,137.22546477999762,3.0535000000000005
EDJ-MED-6af13d92-1,0,6,4,2,80.41999999999999,150.31451725293513,2.6539200000000007
EDJ-MED-6af13d92-2,0,6,4,2,80.41999999999999,148.1151105414647,2.4846000000000004
EDJ-MED-6af13d92-3,0,7,5,2,89.64999999999998,155.42806248244204,2.3541
BEN-BAS-baaab58b-1,0,6,4,5,135.53,147.16083297581227,0.20060000000000014
MAT-POS-ee51dedd-1,0,3,3,0,47.34,117.7221442299415,1.44128
MAT-POS-ee51dedd-2,0,3,4,0,57.69000000000001,115.00081948250616,0.8197999999999999
MAT-POS-ee51dedd-3,0,4,2,1,32.34,149.91560466895618,4.609200000000003
LOR-NEU-c8f11034-5,0,2,2,0,37.38,118.52791799115387,3.178600000000001
BEN-BAS-0534ec5c-1,0,5,5,3,104.7,182.8274994789071,3.658800000000001
EDJ-MED-c9f55a56-1,0,3,3,2,70.67,99.27656001811128,1.6027399999999996
ALP-POS-90c18d1d-1,0,5,4,2,65.46000000000001,148.25224488859897,2.9166200000000013
NAU-LAT-445f63e5-5,0,5,4,1,62.3,130.5974964711878,2.6237000000000013
NAU-LAT-445f63e5-7,0,5,4,1,68.29,136.31615014488796,2.1518
BAR-COM-0f94fc3d-3,0,6,3,2,67.42999999999999,158.6066577781861,3.517900000000002
BAR-COM-0f94fc3d-18,0,3,3,1,46.92,120.78068777562021,3.1225200000000006
BAR-COM-0f94fc3d-25,0,3,3,1,59.06,133.06813944993522,3.2828200000000014
BAR-COM-0f94fc3d-28,0,3,4,1,60.45,132.76876569450857,2.995820000000001
BAR-COM-0f94fc3d-38,0,4,3,2,62.22,128.34174014122004,3.279720000000002
BAR-COM-0f94fc3d-41,0,3,3,1,46.92,126.91841859957563,3.636820000000002
BAR-COM-0f94fc3d-43,0,4,5,1,69.03999999999999,151.3812240155415,3.3345000000000016
BAR-COM-0f94fc3d-45,0,4,4,1,75.00999999999998,133.28084259044078,3.0172800000000013
BAR-COM-0f94fc3d-48,0,3,4,1,71.53,137.57657623524887,2.40752
BAR-COM-0f94fc3d-49,0,4,3,1,41.99,135.0914032627716,3.863500000000003
BAR-COM-0f94fc3d-55,0,5,3,2,79.29,155.18492677299895,4.142420000000002
BAR-COM-0f94fc3d-58,0,4,4,2,77.24,131.20028157990672,2.7996200000000013
ERI-UCB-5b47150d-2,0,3,3,0,42.43,89.87560478657713,1.38772
ERI-UCB-5b47150d-5,0,3,2,0,33.2,94.28670592086388,1.95842
ERI-UCB-5b47150d-6,0,3,2,1,41.99,87.71179231987195,1.93412
MAT-POS-590ac91e-1,0,3,3,1,51.22,83.30069118558522,1.36342
MAT-POS-590ac91e-2,0,3,3,1,51.22,83.30069118558522,1.36342
MAT-POS-590ac91e-4,0,2,3,1,51.22,94.01891310731995,1.5075199999999995
MAT-POS-590ac91e-5,0,4,2,1,41.99,96.27614114573893,2.7647200000000014
MAT-POS-590ac91e-7,0,4,3,2,62.22,94.7054327835383,1.4895199999999995
MAT-POS-590ac91e-9,0,4,3,1,51.22,95.0247442608492,1.89762
MAT-POS-590ac91e-10,0,5,3,1,51.22,95.02474426084919,1.89762
MAT-POS-590ac91e-11,0,4,2,1,41.99,97.28197229926813,3.010720000000002
MAT-POS-590ac91e-12,0,2,4,2,80.32000000000002,92.00624431570778,0.4369199999999999
MAT-POS-590ac91e-18,0,3,2,1,41.99,101.63525210660627,2.7647200000000014
MAT-POS-590ac91e-20,0,2,2,1,41.99,101.63525210660627,2.683040000000001
MAT-POS-590ac91e-21,0,2,2,1,41.99,101.63525210660629,2.9088200000000013
MAT-POS-590ac91e-22,0,2,2,1,41.99,101.63525210660629,2.9088200000000013
MAT-POS-590ac91e-23,0,3,2,1,41.99,101.63525210660627,2.7647200000000014
MAT-POS-590ac91e-24,0,3,2,1,41.99,101.63525210660629,2.9088200000000013
MAT-POS-590ac91e-25,0,3,2,1,41.99,101.63525210660629,2.9088200000000013
MAT-POS-590ac91e-29,0,2,3,1,51.22,100.38385522171656,1.89762
MAT-POS-590ac91e-30,0,3,4,2,80.41999999999999,147.10927938793546,2.237
MAT-POS-590ac91e-32,0,6,4,2,80.41999999999999,148.1151105414647,2.4846000000000004
MAT-POS-590ac91e-33,0,3,4,1,71.63,153.6841929889274,2.5792
MAT-POS-590ac91e-34,0,3,4,1,71.63,153.68419298892738,2.5792
MAT-POS-590ac91e-35,0,3,4,2,80.41999999999999,153.47422150233209,2.409300000000001
MAT-POS-590ac91e-37,0,6,4,1,71.63,154.69002414245662,2.8268000000000004
MAT-POS-590ac91e-38,0,6,4,2,80.41999999999999,154.48005265586133,2.8731000000000013
MAT-POS-590ac91e-39,0,6,4,2,80.41999999999999,154.48005265586133,2.8731000000000013
MAT-POS-590ac91e-40,0,6,4,2,80.41999999999999,154.48005265586127,2.8731000000000013
MAT-POS-590ac91e-41,0,6,4,2,80.41999999999999,154.48005265586133,2.8731000000000013
MAT-POS-590ac91e-42,0,6,4,2,80.41999999999999,154.25284136542018,2.9989000000000012
MAT-POS-590ac91e-43,0,6,4,1,71.63,160.82775496641207,3.3411000000000017
MAT-POS-590ac91e-45,0,5,4,1,71.63,168.61348392919095,3.5287200000000016
MAT-POS-590ac91e-46,0,5,4,2,80.42,166.2041057311253,3.1895000000000007
MAT-POS-590ac91e-47,0,5,4,2,80.42,166.2041057311253,3.1895000000000007
MAT-POS-590ac91e-48,0,5,4,1,71.63,166.41407721772057,3.3594000000000017
MAT-POS-590ac91e-49,0,5,4,1,71.63,166.41407721772057,3.3594000000000017
MAT-POS-590ac91e-50,0,5,4,1,71.63,166.41407721772057,3.3594000000000017
MAT-POS-590ac91e-51,0,4,4,1,71.63,166.18686592727948,3.483600000000002
MAT-POS-590ac91e-53,0,5,4,2,80.42,172.34183655508076,3.703800000000002
MAT-POS-590ac91e-54,0,4,4,1,71.63,172.55180804167603,3.873700000000003
MAT-POS-590ac91e-56,0,3,4,1,90.55,165.9777120925321,1.8139000000000003
MAT-POS-590ac91e-57,0,3,4,1,90.55,165.9777120925321,1.8139000000000003
MAT-POS-590ac91e-58,0,3,4,1,90.55,172.1154429164875,2.3282000000000007
MAT-POS-590ac91e-59,0,3,5,1,114.33999999999996,176.73523388839746,1.6855799999999999
MAT-POS-590ac91e-60,0,3,5,1,114.33999999999996,176.7352338883974,1.6855800000000003
MAT-POS-590ac91e-61,0,3,5,1,114.33999999999996,176.73523388839746,1.68558
MAT-POS-590ac91e-62,0,3,5,1,114.33999999999996,176.73523388839746,1.68558
MAT-POS-590ac91e-63,0,3,4,1,90.55,178.7075963213253,2.43074
MAT-POS-590ac91e-64,0,3,4,1,90.55,178.70759632132538,2.43074
MAT-POS-590ac91e-67,0,3,4,1,90.55,176.2809783194138,2.4673000000000007
MAT-POS-590ac91e-68,0,3,4,1,90.55,176.2809783194138,2.4673000000000007
MAT-POS-590ac91e-69,0,3,4,1,90.55,176.2809783194138,2.4673000000000007
MAT-POS-590ac91e-70,0,3,4,1,90.55,176.28097831941375,2.4673000000000007
JAG-UCB-a3ef7265-3,0,3,4,2,71.45,126.08451210280107,2.3420000000000005
JAG-UCB-a3ef7265-8,0,4,4,1,56.15,132.3519033214269,3.2251200000000013
JAG-UCB-a3ef7265-11,0,3,7,1,85.59,114.5979242170104,1.1452999999999998
JAG-UCB-a3ef7265-12,0,3,3,1,46.92,106.66337206975194,2.4470600000000005
JAG-UCB-a3ef7265-15,0,3,4,1,59.81,109.7897977315883,1.95812
JAG-UCB-a3ef7265-16,0,3,3,0,38.13,119.57168135354523,2.5508599999999997
JAG-UCB-a3ef7265-20,0,3,5,1,69.04,131.98650699722654,2.771200000000001
JAG-UCB-a3ef7265-22,0,3,3,1,46.92,116.96663829663365,3.1004600000000018
JAG-UCB-a3ef7265-23,0,4,3,1,54.88,124.96049435186757,3.2390000000000017
JAG-UCB-cedd89ab-4,0,4,5,0,72.12,128.08729933100486,2.2482000000000006
RAL-MED-2de63afb-1,0,5,4,2,80.32,127.06333852177185,1.4875999999999998
RAL-MED-2de63afb-2,0,5,5,2,93.21,132.6479286171149,1.1910199999999995
RAL-MED-2de63afb-3,0,4,4,2,83.98,127.53438338760805,1.2613
RAL-MED-2de63afb-5,0,5,5,2,93.21,126.28298650271832,0.6314000000000001
RAL-MED-2de63afb-9,0,4,3,2,67.42999999999999,98.46193541697365,1.0358999999999998
RAL-MED-2de63afb-10,0,4,3,2,67.42999999999999,104.82687753137026,1.426
RAL-MED-2de63afb-12,0,5,4,2,83.98,122.17527242674066,1.2939
RAL-MED-2de63afb-14,0,5,5,2,93.21,130.44852190564458,1.0217
EDJ-MED-49816e9b-1,0,3,2,1,41.99,110.81762216023078,3.2246200000000016
EDJ-MED-49816e9b-2,0,3,2,1,41.99,117.18256427462742,3.533040000000001
EDJ-MED-49816e9b-3,0,3,3,1,46.92,110.57014975064179,2.5631200000000005
BEN-DND-7e92b6ca-1,0,6,4,2,80.42,121.26791060680328,1.1923
BEN-DND-7e92b6ca-2,0,6,4,1,71.63,150.5244887395304,2.6877000000000004
BEN-DND-7e92b6ca-3,0,5,3,2,65.2,139.48231834972808,2.3943000000000003
BEN-DND-7e92b6ca-4,0,5,3,3,73.99000000000002,132.90740474873618,2.37
BEN-DND-7e92b6ca-5,0,5,3,2,71.19,132.47108779463505,2.3369
BEN-DND-7e92b6ca-7,0,3,4,1,90.55,161.81217668960585,1.6748000000000005
BEN-DND-7e92b6ca-8,0,3,4,1,90.55,164.59028061545715,1.75528
BEN-DND-7e92b6ca-10,0,3,3,1,56.41,151.41634291158744,2.4861000000000004
BEN-DND-7e92b6ca-11,0,3,4,1,65.64,156.5298881410943,2.4991000000000003
BEN-DND-7e92b6ca-12,0,3,4,1,65.64,156.5298881410943,2.4991000000000003
BEN-DND-7e92b6ca-13,0,3,4,1,65.64,156.5298881410943,2.4991000000000003
BEN-DND-7e92b6ca-14,0,2,3,1,56.41,149.21693620011703,2.629600000000001
BEN-DND-7e92b6ca-16,0,2,3,1,56.41,149.21693620011706,2.629600000000001
BEN-DND-93268d01-5,0,4,2,1,41.99,111.044833450672,3.100420000000001
BEN-DND-93268d01-7,0,4,2,1,41.99,111.044833450672,3.100420000000001
BEN-DND-93268d01-13,0,4,2,1,41.99,119.60918227653895,3.6964200000000025
BEN-DND-93268d01-15,0,3,3,2,62.22,105.30858968554516,2.5294000000000008
MAK-UNK-d4768348-1,0,3,3,1,57.69000000000001,115.39451988707195,-0.13560000000000014
EDJ-MED-e58735b6-2,0,4,3,2,62.22,111.67353179994177,2.06352
EDJ-MED-e58735b6-3,0,4,4,2,102.15,122.61502252277695,1.21862
NAU-LAT-64f4b287-3,0,4,6,0,62.47000000000001,130.84706144229085,1.6811
NAU-LAT-64f4b287-4,0,3,2,0,29.54,135.01048608504712,3.5600000000000023
NAU-LAT-64f4b287-5,0,2,4,0,59.23,121.09901964991482,2.24282
NAU-LAT-64f4b287-9,0,4,2,1,41.99,100.51435593334915,1.9405
BRU-LEF-c49414a7-1,0,5,4,2,80.32,133.42828063616844,1.7960199999999995
MAT-POS-2db6411e-2,0,3,3,1,43.78,122.06212241315386,1.9286
EDG-MED-0da5ad92-2,0,3,2,1,41.99,104.4526800458342,2.9162000000000012
EDG-MED-0da5ad92-3,0,2,2,1,45.23,116.57745583043419,3.7117200000000015
EDG-MED-0da5ad92-9,0,3,3,2,54.02,101.82600332934696,1.71822
EDG-MED-0da5ad92-12,0,3,2,1,41.99,110.81762216023084,3.2246200000000016
EDG-MED-0da5ad92-13,0,3,2,1,41.99,110.81762216023078,3.2246200000000016
EDG-MED-0da5ad92-18,0,3,3,2,68.00999999999999,116.15751285724352,2.806820000000001
EDG-MED-0da5ad92-21,0,3,2,2,57.78,103.99523614964986,2.5527200000000008
BEN-DND-61647d40-18,0,3,3,2,62.22,109.24691379803022,2.621800000000001
JAN-GHE-5a013bed-1,0,3,4,1,59.81,109.72838732022798,1.86114
JAN-GHE-5a013bed-2,0,3,3,1,46.92,120.52361250541401,3.0025000000000013
JAN-GHE-5a013bed-3,0,3,4,1,63.99,130.69562216538998,2.3627
JAN-GHE-5a013bed-4,0,3,4,2,79.78,101.19157162307378,0.5375999999999997
JAN-GHE-5a013bed-6,0,3,4,1,54.88,101.42223485454231,2.3727
JAN-GHE-5a013bed-8,0,3,3,1,54.88,103.67232802678068,2.3111999999999995
JAN-GHE-5a013bed-11,0,3,4,2,83.56,96.00649713395569,1.0342999999999998
TRY-UNI-2eddb1ff-1,0,3,4,1,78.67,110.49152571016096,1.8379
TRY-UNI-2eddb1ff-2,0,3,3,1,54.88,110.03727014117727,2.6196200000000003
TRY-UNI-2eddb1ff-7,0,5,4,2,80.32,143.73154686305006,2.44942
ALP-POS-95b75b4d-1,0,3,2,1,41.99,104.67989133627536,2.710320000000001
ALP-POS-95b75b4d-2,0,3,3,2,62.22,105.30858968554516,2.2768200000000003
ALP-POS-95b75b4d-4,0,4,2,1,41.99,118.60335112300974,3.448620000000002
JAN-GHE-83b26c96-1,0,4,3,1,54.88,122.73560793837522,3.5707200000000023
JAN-GHE-83b26c96-2,0,4,3,2,71.09,133.25889067267585,3.4356000000000013
JAN-GHE-83b26c96-3,0,4,4,1,59.81,138.48194982325572,3.662900000000002
JAN-GHE-83b26c96-6,0,4,3,1,54.88,129.13209648436717,3.995600000000003
JAN-GHE-83b26c96-7,0,4,3,1,54.88,129.13209648436717,3.8167200000000023
JAN-GHE-83b26c96-8,0,5,2,1,41.99,129.91244850342062,4.565820000000003
JAN-GHE-83b26c96-9,0,4,2,1,41.99,129.91244850342062,4.421720000000003
JAN-GHE-83b26c96-10,0,4,3,1,45.23,129.3073400592274,3.2848200000000016
JAN-GHE-83b26c96-11,0,3,2,1,41.99,106.87929804774572,2.879640000000001
JAN-GHE-83b26c96-12,0,3,2,1,41.99,114.3819035389905,3.3337200000000013
JAN-GHE-83b26c96-13,0,3,2,1,41.99,119.77619405439278,3.1758200000000008
JAN-GHE-83b26c96-14,0,3,2,1,41.99,119.37590425652444,3.5900200000000018
JAN-GHE-83b26c96-15,0,3,2,0,33.2,117.39253576122276,3.248920000000002
JAN-GHE-83b26c96-16,0,5,2,0,33.2,123.75747787561933,3.7207000000000026
JAN-GHE-83b26c96-17,0,4,3,1,59.06,117.05193383820551,2.9853200000000006
JAN-GHE-83b26c96-18,0,2,3,1,62.3,119.73314677694871,2.5325000000000006
JAN-GHE-83b26c96-20,0,3,2,1,41.99,122.54167523549481,3.7137200000000017
JAN-GHE-83b26c96-21,0,3,3,1,59.06,110.68699172380892,2.8442200000000013
JAN-GHE-83b26c96-22,0,3,2,1,41.99,123.54750638902401,3.9597200000000026
JAN-GHE-83b26c96-23,0,3,2,1,41.99,119.14869296608327,3.7739200000000017
JAN-GHE-83b26c96-24,0,2,4,0,51.81,114.63552664822441,3.7604200000000017
JAN-GHE-83b26c96-25,0,2,4,0,51.81,114.61842938558901,3.7604200000000017
JAN-GHE-d851b096-6,0,2,3,0,34.89,88.02917110288631,1.6000199999999998
MAT-POS-4e253971-1,0,3,3,0,30.270000000000003,129.8773445472363,3.134380000000002
MAT-POS-4e253971-2,0,3,2,0,23.550000000000004,135.32162604802372,3.3234000000000017
MAT-POS-4e253971-3,0,2,4,2,77.24,98.5624982057749,1.1553200000000001
AAR-POS-5507155c-1,0,2,4,1,49.41,96.1853767735488,0.4996999999999999
LON-WEI-d1c9908a-3,0,7,4,1,71.53,200.8362850221558,5.595120000000005
LON-WEI-d1c9908a-4,0,8,4,1,71.53,199.8304538686266,5.3491200000000045
LON-WEI-d1c9908a-5,0,8,4,1,71.53,193.46551175423,5.040700000000004
LON-WEI-d1c9908a-6,0,8,3,1,62.3,194.71690863911968,5.5945000000000045
LON-WEI-d1c9908a-7,0,7,4,1,71.53,194.47134290775918,5.286700000000004
LON-WEI-d1c9908a-8,0,8,3,1,62.3,201.08185075351628,5.902920000000004
LON-WEI-d1c9908a-11,0,7,3,1,62.3,195.85457201596782,5.794600000000004
LON-WEI-d1c9908a-13,0,7,3,1,62.3,192.5175019276493,5.479620000000006
AAR-POS-8a4e0f60-1,0,6,5,0,63.91,162.988305392849,3.5420000000000025
AAR-POS-8a4e0f60-4,0,9,6,2,98.14,162.42134757559162,1.4004
AAR-POS-8a4e0f60-6,0,8,7,1,87.5,178.89932161382774,3.5572000000000017
AAR-POS-8a4e0f60-7,0,5,6,0,73.14,174.233514716738,4.3004000000000016
AAR-POS-8a4e0f60-8,0,7,6,0,60.25,166.52256591182086,3.7304000000000017
LON-WEI-adc59df6-1,0,7,5,1,88.60000000000002,194.39465022019272,3.707200000000003
LON-WEI-adc59df6-2,0,9,5,1,88.60000000000002,189.03553925932536,3.7088000000000023
LON-WEI-adc59df6-3,0,5,3,1,62.3,154.30070347218825,3.385400000000001
LON-WEI-adc59df6-4,0,6,5,1,80.76,204.94399909813342,5.049300000000005
LON-WEI-adc59df6-6,0,7,5,1,88.60000000000002,200.7595923345893,4.097300000000003
LON-WEI-adc59df6-7,0,10,5,1,88.60000000000002,195.400481373722,4.098900000000003
LON-WEI-adc59df6-8,0,6,3,1,62.3,185.11958289064208,5.088300000000005
LON-WEI-adc59df6-10,0,9,4,1,62.3,183.5186398407433,4.508700000000005
LON-WEI-adc59df6-14,0,6,3,1,62.3,172.38969866184883,4.308100000000003
LON-WEI-adc59df6-16,0,6,3,1,62.3,193.52333308117846,5.725620000000006
LON-WEI-adc59df6-17,0,8,4,1,62.3,177.1536977263467,4.118600000000003
LON-WEI-adc59df6-18,0,7,4,1,71.53,194.47134290775918,5.286700000000004
LON-WEI-adc59df6-19,0,7,4,1,71.53,183.86818600575242,3.792100000000003
LON-WEI-adc59df6-21,0,6,3,1,62.3,167.03058770098144,4.164000000000003
LON-WEI-adc59df6-23,0,7,3,1,62.3,193.52333308117852,5.094900000000004
LON-WEI-adc59df6-26,0,8,4,1,71.53,172.14413293048835,3.402000000000002
LON-WEI-adc59df6-27,0,9,4,1,71.53,178.50907504488498,3.792100000000003
LON-WEI-adc59df6-28,0,7,4,1,75.19,188.5774456591988,4.350800000000003
LON-WEI-adc59df6-30,0,6,3,1,62.3,160.66564558658484,3.7755000000000023
LON-WEI-adc59df6-31,0,7,3,1,62.3,173.39552981537813,4.5541000000000045
LON-WEI-adc59df6-32,0,7,4,1,71.53,183.86818600575242,3.9346000000000014
LON-WEI-adc59df6-37,0,7,5,1,84.42,193.69099088870567,4.681700000000004
LON-WEI-adc59df6-39,0,6,4,1,71.53,183.86818600575242,3.9346000000000014
LON-WEI-adc59df6-40,0,7,3,1,62.3,189.35779767825227,4.955800000000004
LON-WEI-adc59df6-41,0,6,3,1,62.3,187.15839096678192,5.417200000000005
LON-WEI-adc59df6-43,0,6,5,1,80.76,198.57905698373685,5.006800000000005
LON-WEI-adc59df6-44,0,6,3,1,62.3,166.02475654745226,3.918000000000003
LON-WEI-adc59df6-45,0,8,5,1,80.76,205.94983025166266,5.295300000000005
LON-WEI-adc59df6-47,0,8,3,1,62.3,199.88827519557515,5.137400000000004
LON-WEI-adc59df6-53,0,5,3,1,62.3,183.69879604225974,5.207500000000005
LON-WEI-adc59df6-55,0,5,3,1,62.3,193.62801953541612,5.6250200000000055
LON-WEI-adc59df6-56,0,5,3,1,62.3,179.7604719297747,4.862520000000004
LON-WEI-adc59df6-57,0,7,4,1,71.53,191.23895927367823,4.952800000000004
LON-WEI-adc59df6-59,0,6,4,1,71.53,191.23895927367823,4.871120000000004
LON-WEI-adc59df6-67,0,6,3,1,62.3,175.52225714216445,4.656900000000004
LON-WEI-adc59df6-68,0,5,3,2,78.09,163.82658631054116,3.7379000000000016
LON-WEI-adc59df6-73,0,6,3,1,62.3,179.9274837076285,4.423600000000003
LON-WEI-adc59df6-78,0,7,4,1,86.09,171.42316738245017,3.712780000000003
LON-WEI-adc59df6-83,0,6,4,1,71.53,177.50324389135574,3.7605000000000017
LON-WEI-adc59df6-89,0,5,4,1,71.53,160.53514487495232,2.7636000000000003
LON-WEI-adc59df6-92,0,5,3,1,62.3,168.15148387423864,4.164900000000003
LON-WEI-adc59df6-93,0,5,5,1,88.6,152.9726138997321,1.7559999999999991
LON-WEI-adc59df6-94,0,5,3,1,62.3,174.51642598863526,4.555000000000003
LON-WEI-adc59df6-99,0,5,3,1,62.3,161.78654175984204,3.6307000000000023
LON-WEI-adc59df6-102,0,5,3,1,62.3,178.06503774406121,4.606100000000003
LON-WEI-adc59df6-103,0,5,3,1,62.3,159.6648709784441,3.2379000000000016
JOH-UNI-a5c0a47e-1,0,3,4,0,29.54,132.6508493554586,3.6739000000000015
JOH-UNI-c7afdb96-2,0,3,3,2,73.12,130.62566209808764,3.9104800000000015
JOH-UNI-c7afdb96-4,0,4,3,1,69.96000000000001,126.5170180751934,3.3011800000000022
JOH-UNI-c7afdb96-5,0,4,4,1,69.96000000000001,124.15738134560488,3.362680000000001
JOH-UNI-c7afdb96-7,0,4,3,1,69.96000000000001,111.97553706070153,2.442500000000001
JOH-UNI-c7afdb96-8,0,4,3,1,69.96000000000001,105.61059494630491,2.0524
JOH-UNI-c7afdb96-10,0,7,4,1,69.96,125.07060693105187,2.7553800000000006
JOH-UNI-c7afdb96-11,0,5,3,1,69.96000000000001,112.98136821423073,2.688500000000001
JOH-UNI-c7afdb96-12,0,4,3,1,69.96,112.98136821423077,2.7701800000000008
AAR-POS-dddeddbf-1,0,2,5,2,93.28,125.36364193010414,3.10062
AAR-POS-dddeddbf-2,0,4,6,0,120.42000000000002,164.25287004368246,4.969820000000001
AAR-POS-dddeddbf-5,0,6,6,2,100.1,182.46683795369202,1.8916
LON-WEI-8f408cad-1,0,3,2,1,49.41,104.55123093312801,1.9907
LON-WEI-8f408cad-3,0,3,4,0,57.69000000000001,115.00081948250616,0.8197999999999999
LON-WEI-8f408cad-5,0,3,3,0,23.550000000000004,104.60498570448765,1.6311000000000002
LON-WEI-8f408cad-7,0,3,3,0,23.550000000000004,104.60498570448765,1.6311000000000002
LON-WEI-8f408cad-8,0,5,3,1,62.3,173.39552981537813,4.5541000000000045
LON-WEI-8f408cad-9,0,6,4,1,65.54,172.79042137118483,3.631020000000003
LON-WEI-8f408cad-10,0,8,5,1,74.77000000000002,193.86623446356597,4.3636200000000045
MAT-POS-bfefc3ea-3,0,12,5,3,150.0,187.2619637904946,1.4542000000000004
IND-SYN-6c8299e8-7,0,4,5,0,75.51,138.88705305116414,0.5552999999999999
MED-COV-4280ac29-5,0,5,3,0,57.69000000000001,181.46415706429042,3.5023000000000017
MED-COV-4280ac29-10,0,3,1,1,29.1,129.68696936894494,4.409700000000004
MED-COV-4280ac29-12,0,3,2,0,23.550000000000004,128.99194173622186,2.7121000000000013
MED-COV-4280ac29-13,0,3,2,0,23.55,123.63283077535448,2.6115000000000013
MED-COV-4280ac29-14,0,2,2,0,40.62000000000001,116.80148361633228,1.8104
MED-COV-4280ac29-17,0,7,4,1,61.88,200.39540980054596,4.145900000000005
MED-COV-4280ac29-25,0,5,4,0,36.44000000000001,145.24667000589486,2.616900000000001
MED-COV-4280ac29-26,0,8,3,2,69.64,147.14540501464455,2.051
MED-COV-4280ac29-30,0,5,4,0,51.13,151.35443193504577,3.620300000000003
MED-COV-4280ac29-31,0,3,2,0,23.550000000000004,129.64628696581136,2.722800000000001
MED-COV-4280ac29-33,0,5,3,0,32.78,135.11131811925796,2.3694000000000006
MED-COV-4280ac29-37,0,6,3,0,32.78,141.47626023365459,2.4119
LON-WEI-b8d98729-1,0,7,6,1,84.42,194.91819234766263,4.907320000000004
LON-WEI-b8d98729-2,0,8,4,1,62.3,193.11596558922093,5.573320000000005
LON-WEI-b8d98729-4,0,4,5,2,112.81,134.83834919467074,-0.5633999999999979
LON-WEI-b8d98729-6,0,6,4,1,62.3,164.4238134975535,3.9785000000000017
LON-WEI-b8d98729-7,0,6,3,1,62.3,176.236207058679,5.914000000000003
LON-WEI-b8d98729-8,0,9,5,1,80.76,199.5848881372661,5.0050200000000045
LON-WEI-b8d98729-9,0,6,5,1,75.19,190.94231049500385,5.352800000000004
LON-WEI-b8d98729-10,0,7,4,1,71.53,172.14413293048835,3.964000000000003
LON-WEI-b8d98729-11,0,7,4,1,65.54,192.69101334654408,5.0084200000000045
LON-WEI-b8d98729-12,0,8,4,1,71.53,197.3120201510601,6.646600000000005
LON-WEI-b8d98729-13,0,7,4,1,65.54,196.25529472530377,5.117520000000004
LON-WEI-b8d98729-14,0,7,4,1,65.54,196.25529472530377,5.117520000000004
LON-WEI-b8d98729-15,0,7,5,1,88.33,187.68807334344157,4.8285000000000045
LON-WEI-b8d98729-16,0,8,4,1,65.54,195.1176313484557,4.917420000000004
LON-WEI-b8d98729-17,0,9,4,1,71.53,194.47134290775918,5.250400000000004
LON-WEI-b8d98729-18,0,8,4,1,75.19,194.94238777359539,5.369820000000003
LON-WEI-b8d98729-19,0,8,4,1,71.53,195.6090062846073,5.450500000000004
LON-WEI-b8d98729-20,0,7,4,2,90.98,194.484943877411,4.8720200000000045
LON-WEI-b8d98729-21,0,6,4,2,90.98,185.69338376110287,4.654600000000003
LON-WEI-b8d98729-22,0,8,4,1,71.53,192.04472490584763,5.341400000000005
LON-WEI-b8d98729-23,0,5,5,1,88.33,165.36086336617072,3.5421000000000022
LON-WEI-b8d98729-24,0,7,4,1,62.3,184.32440547291282,5.3559000000000045
LON-WEI-b8d98729-25,0,7,6,1,84.42,188.553250233266,4.598900000000003
LON-WEI-b8d98729-26,0,8,5,1,84.42,193.69099088870567,4.816020000000004
LON-WEI-b8d98729-27,0,7,4,1,71.53,187.8731227733481,5.0080000000000044
LON-WEI-b8d98729-28,0,8,4,1,71.53,203.67696226545672,6.955020000000005
LON-WEI-b8d98729-29,0,8,3,1,62.3,204.9283591503464,7.5088200000000045
LON-WEI-b8d98729-30,0,8,5,1,74.77000000000002,200.23117657796257,4.672040000000004
LON-WEI-b8d98729-31,0,5,5,1,75.19,167.47743714088492,3.8663000000000025
LON-WEI-b8d98729-32,0,6,4,1,75.19,166.25023568192796,3.7750000000000017
LON-WEI-b8d98729-33,0,8,3,1,62.3,199.66106390513397,6.321600000000006
LON-WEI-b8d98729-34,0,6,3,2,65.2,119.5823525048526,1.3211999999999997
LON-WEI-b8d98729-35,0,8,3,1,62.3,203.22534528389363,6.430700000000006
LON-WEI-b8d98729-36,0,8,3,1,62.3,199.88827519557515,6.1157200000000085
LON-WEI-b8d98729-37,0,7,4,1,71.53,194.23806488774468,5.316420000000004
LON-WEI-b8d98729-38,0,7,5,1,75.19,189.80464711815566,5.152700000000004
LON-WEI-b8d98729-39,0,7,3,1,62.3,195.4894617726344,5.870220000000005
LON-WEI-b8d98729-40,0,8,5,1,71.53,191.86456870433116,5.019520000000004
LON-WEI-b8d98729-41,0,6,3,1,62.3,190.262183035086,5.7619000000000025
LON-WEI-b8d98729-42,0,8,4,1,65.54,201.48257346285226,5.225840000000005
LON-WEI-b8d98729-43,0,7,6,1,97.56,192.80161857294846,4.5831200000000045
LON-WEI-b8d98729-44,0,6,5,1,75.19,187.37802911624414,5.243700000000004
LON-WEI-b8d98729-45,0,9,4,1,71.53,200.83628502215575,5.558820000000005
LON-WEI-b8d98729-46,0,7,5,1,88.33,194.05301545783817,5.136920000000004
LON-WEI-b8d98729-47,0,8,5,1,71.53,185.49962658993456,4.711100000000003
LON-WEI-b8d98729-48,0,7,5,1,75.19,196.1695892325523,5.461120000000005
MAT-POS-916a2c5a-1,0,5,5,0,51.13,148.99479520545722,3.681800000000002
MAT-POS-916a2c5a-2,0,6,4,2,80.41999999999999,143.94957513853848,2.3455000000000004
MAT-POS-916a2c5a-3,0,3,4,1,90.55,187.27194514719238,2.9084800000000017
MAT-POS-916a2c5a-4,0,2,3,1,56.41,145.0514007971908,2.490500000000001
REN-UFA-aaaed2d6-3,0,4,2,0,23.550000000000004,143.7587316098675,3.278500000000002
JOO-IND-6372a4f3-4,0,3,2,0,23.550000000000004,125.01835982114208,2.670000000000001
JOO-IND-6372a4f3-6,0,3,2,0,23.550000000000004,133.81182236873764,3.018400000000001
JOO-IND-b13e14cc-1,0,2,3,0,33.2,116.11853740229671,3.1883000000000017
JOO-IND-b13e14cc-2,0,2,3,0,33.2,124.91199994989223,3.5367000000000024
KUS-THE-322b9b63-5,0,5,8,2,113.85,157.24963707823994,0.5136200000000011
KUS-THE-322b9b63-14,0,6,6,2,106.14,180.55107221180032,2.0478
KUS-THE-322b9b63-16,0,6,6,2,106.14,171.98672338593337,1.4517999999999998
JUA-UNI-bc099708-5,0,8,4,3,91.32,174.84723360066315,3.6680000000000033
WAR-XCH-72a8c209-5,0,5,3,1,43.78,157.43434716030563,3.402000000000002
NEH-REV-107bcf72-5,0,3,4,2,64.01,116.55308993846823,0.9808
SER-UNI-985a0e14-4,0,6,9,2,106.91,159.83813464915042,3.0948
TIM-UNK-6bd61028-2,0,2,3,0,42.43000000000001,121.50024983720041,2.7128000000000005
JAR-KUA-672ec752-1,0,3,6,0,42.01000000000001,142.93983292842708,2.1359999999999992
JAR-KUA-672ec752-3,0,4,5,2,95.73999999999998,146.99354951196557,0.6731000000000014
WAR-XCH-bdd24732-16,0,3,4,0,58.98,156.60249144451151,3.6366000000000014
WAR-XCH-79d12f6e-4,0,4,3,1,66.48,129.88036895429258,1.5031199999999998
WAR-XCH-b0339bbe-3,0,3,3,1,61.88,128.2647939073086,2.28622
WAR-XCH-b0339bbe-19,0,3,4,0,58.98,156.60249144451151,3.6366000000000014
RAI-NOV-2f6a9876-5,0,3,4,1,64.15,143.13239946353744,2.6864000000000012
RAI-NOV-2f6a9876-7,0,3,6,1,62.14,154.09694650398725,3.152700000000001
JAR-IMP-ed466bb3-13,0,3,3,1,80.47,164.02155119535715,3.121900000000002
SIM-SYN-3099a863-1,0,5,5,1,95.75,165.08924838326413,2.28614
MAK-UNK-0d6072ac-4,0,2,1,2,53.09,114.35774102629293,4.162600000000002
MAK-UNK-0d6072ac-20,0,2,1,2,53.09,120.72268314068957,4.471020000000002
MAK-UNK-0d6072ac-21,0,2,1,2,53.09,120.72268314068954,4.471020000000002
STU-CHA-83dacf15-1,0,4,4,1,83.71000000000002,153.5192263275612,1.1694999999999998
STU-CHA-7b3b91d5-1,0,6,4,1,61.88000000000001,175.64158182136362,2.2658
STU-CHA-6cae54d3-1,0,5,4,1,65.12,175.03647337717038,1.7648
TOB-UNK-c2aba166-1,0,2,2,0,23.55,83.63663784866463,0.002599999999999936
NAU-LAT-f723e322-4,0,3,3,0,57.69000000000001,119.09747118182196,1.0174999999999998
PAU-UNI-8cdd41c7-1,0,3,2,0,23.550000000000004,127.57115488783951,2.876400000000001
TAM-UNI-d1c3dd9f-5,0,4,4,0,60.93000000000001,153.93916930075187,0.8873000000000002
TAM-UNI-d1c3dd9f-12,0,5,4,1,65.12,164.7332071502887,1.1114000000000006
TAM-UNI-d1c3dd9f-18,0,4,4,1,76.44,140.16341274238653,1.3996799999999998
MAK-UNK-af83ef51-1,0,4,4,0,49.33000000000001,140.46101260203324,2.0266
MAK-UNK-af83ef51-2,0,5,2,0,23.55,126.05944877726601,2.3907000000000007
MAK-UNK-af83ef51-6,0,3,1,0,20.31,113.93467299266605,3.014920000000002
NIM-UNI-ed9fc491-4,0,9,5,3,101.98,204.42837164601949,1.6799000000000002
GIA-UNK-20b63697-6,0,4,2,0,23.550000000000004,144.1484439669266,3.6910000000000025
ANT-OPE-c0c3e7cc-1,0,3,2,0,23.550000000000004,108.70163740380349,1.9069
FRA-BIO-8bf1eac9-1,0,4,5,1,76.36,157.14357019354676,3.8139400000000014
FRA-BIO-8bf1eac9-4,0,11,5,2,70.66999999999999,190.8880032405981,3.763500000000003
FRA-BIO-8bf1eac9-5,0,6,5,3,95.07999999999998,122.99833137822522,1.2703
FRA-BIO-8bf1eac9-6,0,4,4,2,63.25,150.50507940969186,5.111620000000004
FRA-BIO-8bf1eac9-7,0,5,5,1,64.35,136.12660277096887,2.28912
FRA-BIO-8bf1eac9-8,0,7,4,2,64.68,209.62328687095527,3.7040000000000015
FRA-BIO-8bf1eac9-9,0,6,4,3,95.07999999999998,121.85093713640154,0.5673999999999992
FRA-BIO-8bf1eac9-12,0,6,7,1,101.22,163.20451432338766,3.0638000000000014
ANT-OPE-d972fbad-1,0,3,2,0,23.550000000000004,106.50223069233307,1.6558999999999997
AUS-ARG-7cfdce8f-15,0,3,7,0,79.29,169.88204613044343,2.0009
ANT-OPE-ab37bd51-1,0,4,2,2,48.13,106.29349568029706,2.2242
ANT-OPE-ab37bd51-2,0,5,2,2,48.13,112.65843779469364,1.9018999999999997
ANT-OPE-7824651a-1,0,4,4,0,66.92000000000002,153.59277153518047,2.215
NIM-UNI-02269248-3,0,4,7,1,114.42,145.61445200899843,-0.4211999999999985
VIJ-CYC-1a381570-3,0,7,3,2,75.27,152.99737186892392,2.535800000000001
VIJ-CYC-1a381570-10,0,5,3,2,67.43,131.2924771424859,3.0745000000000013
DAR-DIA-fb20be43-6,0,3,3,0,47.34,140.40380876167671,2.594480000000001
DAR-DIA-fb20be43-7,0,4,3,0,32.78,141.12477430971487,2.7314000000000007
MAK-UNK-10572812-16,0,6,4,3,97.12,195.69149432947188,2.4723
WAR-XCH-b6889685-20,0,5,4,1,72.63,120.31915437027864,1.5869
WAR-XCH-b6889685-25,0,4,4,2,75.43,143.0826813016506,2.723320000000001
WAR-XCH-b6889685-26,0,4,4,2,75.43,140.88327459018024,2.5540000000000003
WAR-XCH-b6889685-29,0,4,4,2,75.43,136.717739187254,2.4149000000000003
WAR-XCH-b6889685-30,0,4,4,2,75.43,143.0826813016506,2.723320000000001
WAR-XCH-b72a1bbc-4,0,2,3,1,73.05,100.17375401033188,1.7044199999999998
WAR-XCH-b72a1bbc-7,0,3,4,1,76.54,123.96220626772282,2.311000000000001
WAR-XCH-b72a1bbc-9,0,3,4,1,72.63,107.58927014148544,0.9492
WAR-XCH-b72a1bbc-10,0,3,4,1,66.64,132.68949588623914,1.7886999999999993
WAR-XCH-b72a1bbc-11,0,3,4,1,66.64,139.05443800063574,2.178799999999999
WAR-XCH-b72a1bbc-14,0,3,4,2,83.63000000000002,107.26995866417458,0.5426999999999997
WAR-XCH-b72a1bbc-15,0,3,4,1,76.29,130.3875249845925,2.1130000000000004
WAR-XCH-b72a1bbc-16,0,3,4,1,63.40000000000001,128.80824027405745,2.7795000000000014
WAR-XCH-b72a1bbc-49,0,5,4,1,66.64,127.33038492537176,1.5020999999999998
GAB-REV-4a4e2ff3-20,0,6,3,4,85.6,154.74128765417564,3.474000000000001
JON-UIO-066ce08b-3,0,2,3,0,53.51000000000001,106.4074684025814,0.3147999999999993
JON-UIO-066ce08b-9,0,4,2,0,23.55,126.28666006770716,2.6333200000000008
ALE-UNK-fca05062-1,0,15,5,4,120.0,272.27542605449304,4.328140000000003
ALE-UNK-fca05062-2,0,17,9,4,145.77999999999997,302.05837391680217,5.905200000000005
ALE-UNK-fca05062-3,0,6,2,1,38.33,125.50307952509935,3.0411400000000013
BAR-COM-4e090d3a-2,0,4,9,2,128.91,169.55979574551893,2.2064999999999992
BAR-COM-4e090d3a-3,0,6,4,3,74.25,152.28048818961383,3.6742200000000014
BAR-COM-4e090d3a-4,0,5,5,2,66.49000000000001,151.90287180887475,3.0740000000000016
BAR-COM-4e090d3a-5,0,7,7,3,119.98,149.7981182334401,1.6559999999999997
BAR-COM-4e090d3a-6,0,5,6,1,77.63,156.19746581386337,2.1501
BAR-COM-4e090d3a-9,0,6,8,1,107.44,166.27106518841262,2.7991400000000013
BAR-COM-4e090d3a-10,0,8,6,3,113.07999999999998,170.95112275424802,2.3975
BAR-COM-4e090d3a-11,0,7,3,1,54.88,147.52098234915292,3.8331000000000026
BAR-COM-4e090d3a-12,0,7,5,2,80.04,152.03619726016456,1.89572
BAR-COM-4e090d3a-14,0,4,6,3,125.41,131.0887679642745,1.2304799999999998
BAR-COM-4e090d3a-15,0,7,3,1,51.22,157.3532037101983,4.537700000000003
BAR-COM-4e090d3a-16,0,5,6,1,85.59,158.51142949037845,3.052500000000001
BAR-COM-4e090d3a-19,0,8,5,2,93.46,162.23689156560786,2.828500000000002
BAR-COM-4e090d3a-20,0,5,4,2,66.91,136.10274551635752,3.5733000000000024
BAR-COM-4e090d3a-21,0,4,5,2,101.21,133.08424557121606,0.5792999999999993
BAR-COM-4e090d3a-26,0,5,4,1,64.11,142.03137067665295,3.6791000000000023
BAR-COM-4e090d3a-27,0,8,5,2,96.45,170.23247285930134,2.428300000000001
BAR-COM-4e090d3a-29,0,6,4,2,66.91,144.3147192571806,3.3213000000000017
BAR-COM-4e090d3a-31,0,8,6,1,89.35000000000002,164.43513826610427,2.1078
BAR-COM-4e090d3a-34,0,7,6,2,89.27000000000002,133.81670135887146,1.0002999999999989
BAR-COM-4e090d3a-36,0,7,5,1,73.22,141.39820785688903,1.9807
BAR-COM-4e090d3a-39,0,5,5,2,93.21,126.28298650271836,0.8825999999999998
BAR-COM-4e090d3a-43,0,6,4,1,64.36,139.14424645409798,3.5466000000000024
BAR-COM-4e090d3a-44,0,4,3,2,74.58000000000001,153.1090188175817,3.7194000000000016
BAR-COM-4e090d3a-45,0,7,6,1,72.28,141.1472433912754,0.8579000000000008
BAR-COM-4e090d3a-47,0,7,5,1,75.94,152.22144515911847,2.1646
BAR-COM-4e090d3a-49,0,5,5,1,75.00999999999998,114.16687621807823,1.97548
BAR-COM-4e090d3a-50,0,6,6,1,86.33000000000001,127.12478228108921,1.2582999999999998
BAR-COM-4e090d3a-51,0,5,6,1,81.81,132.1558261500193,0.9293
BAR-COM-4e090d3a-52,0,6,5,2,81.07000000000002,124.8774982696659,1.7806999999999995
BAR-COM-4e090d3a-53,0,5,5,2,93.21,132.64792861711493,1.4435999999999998
BAR-COM-4e090d3a-54,0,7,6,2,88.61,152.0581232139794,1.5093
BAR-COM-4e090d3a-56,0,5,4,2,87.21999999999998,145.99255485500942,1.8318
BAR-COM-4e090d3a-57,0,6,5,3,108.39,160.4769152561619,2.6936000000000013
BAR-COM-4e090d3a-58,0,4,5,2,66.49000000000001,132.66695547673956,2.3014
BAR-COM-4e090d3a-60,0,4,4,2,87.22,126.89772851181958,1.535
BAR-COM-4e090d3a-62,0,6,5,2,99.23999999999998,127.61172577911668,0.7751999999999998
BAR-COM-4e090d3a-64,0,6,5,1,64.11,164.3922065549395,4.339400000000003
BAR-COM-4e090d3a-65,0,5,4,1,64.36,129.192466151156,3.3161000000000023
BAR-COM-4e090d3a-66,0,5,4,1,54.46000000000001,152.50988047839488,3.309400000000002
BAR-COM-4e090d3a-68,0,4,4,3,90.9,126.39800374757809,2.1438
BAR-COM-4e090d3a-69,0,6,4,2,76.14,125.09342424765968,2.4422000000000006
STE-KUL-2e0d2e88-1,0,5,3,1,52.65000000000001,129.4058909465212,0.799400000000001
STE-KUL-2e0d2e88-2,0,5,3,1,52.65000000000001,152.08755547825638,1.952600000000001
ALE-HEI-f28a35b5-1,0,2,2,2,54.02,99.6992760025606,3.0340200000000013
ALE-HEI-f28a35b5-4,0,2,5,2,79.8,95.7473888032698,1.88552
GAB-REV-70cc3ca5-8,0,5,5,1,92.26,151.30122012304588,2.19742
GAB-REV-70cc3ca5-18,0,3,3,2,70.67,115.62482886704514,2.44752
GAB-REV-70cc3ca5-20,0,4,4,2,102.15,122.61502252277695,1.2186199999999998
GAB-REV-70cc3ca5-22,0,4,4,1,68.02000000000001,131.87820605138594,3.7559200000000015
ALV-UNI-7ff1a6f9-14,0,2,3,1,45.98,148.49280392720752,4.9921200000000026
ALV-UNI-7ff1a6f9-43,0,2,4,0,30.19,130.27388867646476,4.572320000000002
ALV-UNI-7ff1a6f9-45,0,3,2,1,41.99,123.19602046508436,3.7244200000000016
ALV-UNI-7ff1a6f9-46,0,3,2,1,41.99,135.69262667386306,4.434800000000002
ALV-UNI-7ff1a6f9-47,0,4,3,1,51.22,128.30956569459127,3.4246000000000016
PET-SGC-a8a902d9-1,0,5,5,2,65.46000000000001,145.89260815901042,2.978120000000001
BEN-DND-362d364a-10,0,7,5,2,91.4,137.07649712075866,0.8139000000000003
DAV-CRI-14a23e73-1,0,5,3,2,89.25999999999998,150.36684910999037,3.0704
DAV-CRI-3edb475e-4,0,4,2,2,49.33,98.00332206669457,1.7284
DAV-CRI-3edb475e-6,0,3,1,1,29.1,97.37462371742477,2.895100000000001
FAR-UNI-a04c1544-1,0,9,6,3,113.96,168.37859123368764,1.1742000000000004
MAK-UNK-9159f8ed-4,0,7,6,2,121.88,173.62064854667736,1.9804
MAK-UNK-9159f8ed-6,0,5,4,2,95.57999999999998,151.6156969883335,2.4372000000000007
MAK-UNK-9159f8ed-7,0,5,5,1,92.78,151.1793800342323,2.404100000000001
MAK-UNK-6435e6c2-1,0,2,4,0,57.69000000000001,104.69755325562448,0.6009
MAK-UNK-6435e6c2-5,0,2,3,0,57.69000000000001,111.22272538813922,0.6784999999999999
MAK-UNK-6435e6c2-6,0,2,3,0,57.69000000000001,115.38826079106548,0.8176000000000001
DAN-PUR-6788a628-2,0,5,4,1,97.54,105.00438996544504,-0.8836999999999997
RUT-UNI-630c5802-20,0,8,5,0,51.02,158.17663704823298,4.3479000000000045
GER-UNI-05c7e912-1,0,3,4,1,77.98,147.47998201558556,3.5139200000000006
GIA-UNK-a79af1bc-1,0,3,4,1,58.12000000000001,117.92383113816707,1.7351400000000001
NIR-THE-0d6461ce-8,0,3,1,0,20.31,124.23793921954771,3.668320000000002
NIR-THE-c331be7a-1,0,2,2,1,46.33,128.87188943815633,2.981700000000002
NIR-THE-c331be7a-2,0,2,2,0,44.1,134.28952053700894,3.271180000000002
NIR-THE-c331be7a-6,0,2,1,0,20.31,129.8969408555402,3.7079200000000014
DAR-DIA-eace69ff-36,0,2,1,2,27.82,75.76750988757395,2.0264
GAB-FAC-880f6604-1,0,5,3,3,66.05,148.7645464621083,4.260900000000002
VIR-GIT-7b3d3065-2,0,2,2,0,40.62000000000001,113.25287186090635,1.4763
VIR-GIT-7b3d3065-3,0,3,2,0,40.62000000000001,107.89376090003894,1.3305999999999998
GIA-UNK-3f36037a-1,0,3,3,1,58.64,107.85317937693621,0.6841999999999995
GIA-UNK-3f36037a-6,0,4,3,1,58.64,112.09139416454643,0.5517000000000001
GIA-UNK-3f36037a-7,0,4,3,2,71.09,110.225740217001,2.0489
DAN-LON-a5fc619e-3,0,5,2,0,23.550000000000004,142.7276571185443,3.6377000000000015
DAN-LON-a5fc619e-8,0,3,2,0,23.550000000000004,122.62699962182523,2.3639
DAN-LON-a5fc619e-10,0,5,2,0,23.550000000000004,158.68992498141844,3.8343000000000034
JOH-MSK-ec639444-2,0,4,2,1,38.33,113.89409146956328,2.5676000000000005
CHR-SOS-363cfb78-1,0,2,4,2,90.7,103.3115036649758,1.99228
CHR-SOS-363cfb78-2,0,2,4,2,90.7,109.6764457793724,2.3007
GIA-UNK-595fac82-2,0,2,3,1,58.64,112.09139416454643,1.6471999999999998
GIA-UNK-595fac82-5,0,3,3,1,41.57,107.9298720645027,2.007
CHR-SOS-7098f804-4,0,2,2,2,49.33,113.9655899295688,3.951300000000001
CHR-SOS-7098f804-7,0,2,2,2,49.33,103.66232370268708,3.2979000000000016
CHR-SOS-7098f804-10,0,2,3,2,62.22,113.18523791051528,3.3463000000000007
CHR-SOS-7098f804-11,0,2,3,2,62.22,102.8819716836336,2.692900000000001
CHR-SOS-7098f804-12,0,2,2,1,41.99,98.08773793143759,2.987300000000001
CHR-SOS-7098f804-14,0,3,2,1,41.99,133.14483213750165,4.654300000000003
CHR-SOS-7098f804-21,0,2,2,1,41.99,108.39100415831928,3.6407000000000016
GIA-UNK-eaadd1d4-1,0,2,3,0,49.85000000000001,130.39036084080237,1.3976000000000002
GIA-UNK-eaadd1d4-3,0,3,4,0,66.92,136.6246725187771,0.9461000000000004
TRI-UNI-97428359-1,0,6,4,2,60.50000000000001,148.40276487581775,1.7029999999999992
CHR-SOS-f7373dd1-4,0,4,2,1,41.99,124.96829323740634,3.922200000000002
ANN-UNI-26382800-3,0,2,3,2,77.81,104.0918556840293,2.5972800000000005
ANN-UNI-26382800-5,0,3,3,1,65.78,104.90693561481785,2.13448
ANN-UNI-26382800-6,0,3,3,2,74.15,116.35069504698627,3.2108800000000004
DUN-NEW-f8ce3686-13,0,5,4,1,63.57000000000001,140.92207483268447,1.1787000000000003
DUN-NEW-f8ce3686-22,0,3,3,0,57.69000000000001,123.72539832649127,1.0703
DUN-NEW-f8ce3686-23,0,7,5,2,88.16,159.81523015279726,2.994600000000002
DUN-NEW-f8ce3686-24,0,6,3,2,68.44,158.0266001280639,1.7295
DUN-NEW-f8ce3686-25,0,7,3,0,57.69000000000001,149.18516678407772,1.9680999999999995
AGN-NEW-891393a6-1,0,3,4,1,60.45,114.67977050484795,3.3545000000000016
MIH-UNI-6b9ca91a-5,0,3,3,2,56.05,99.955057171627,2.8759799999999998
AGN-NEW-c7b24fe3-5,0,3,2,1,41.99,116.18178966648671,2.8975000000000013
PAT-GYR-359dbb24-1,0,2,2,1,41.57000000000001,106.92909745636193,1.2097
ANT-LOU-17aa1493-2,0,8,8,2,113.58,173.5120741850788,2.3153999999999995
KIM-UNI-2ee5d8f9-1,0,2,3,1,43.78,111.75885618627218,1.7097
ANT-STE-dbb91f63-1,0,5,6,0,63.49,145.29553899035582,1.1588999999999996
JOR-UNI-2fc98d0b-6,0,5,4,1,57.7,151.9047720342016,3.105700000000001
JOR-UNI-2fc98d0b-12,0,5,2,1,45.23,153.7612773632846,5.7439000000000044
ADA-UNI-f8e79267-5,0,6,3,2,54.02,118.7941023457504,2.4134
PAT-UNK-b2d83456-1,0,2,3,0,47.34,107.41887800305985,1.22238
ANT-DIA-b7f58f21-2,0,4,3,2,66.4,83.63110129090595,0.4838999999999998
ANT-DIA-b7f58f21-3,0,4,3,2,66.4,83.63110129090595,0.4838999999999996
TRY-UNI-1fd04853-5,0,4,2,2,57.78,126.70844711298031,3.0752000000000006
TRY-UNI-1fd04853-7,0,4,2,2,57.78,126.70844711298031,3.0752000000000006
TRY-UNI-1fd04853-8,0,4,3,2,81.57000000000002,127.16270268196396,2.2934800000000006
TRY-UNI-1fd04853-9,0,4,3,2,70.67,125.92809509392679,2.4702
TRY-UNI-1fd04853-11,0,4,3,2,70.67,125.92809509392679,2.4702
TRY-UNI-1fd04853-12,0,4,4,2,94.46,126.38235066291044,1.68848
TRY-UNI-714a760b-5,0,3,2,1,41.99,100.51435593334915,2.5712200000000003
TRY-UNI-714a760b-6,0,3,2,1,41.99,110.81762216023078,3.2246200000000016
TRY-UNI-714a760b-12,0,2,2,2,54.02,110.00254222944227,3.687420000000001
TRY-UNI-714a760b-16,0,3,2,1,41.99,109.00602537453214,3.5449200000000016
TRY-UNI-714a760b-18,0,3,2,1,41.99,117.18256427462742,3.7856200000000015
TRY-UNI-714a760b-20,0,3,3,1,65.78,111.27187772921448,2.4429000000000007
TRY-UNI-714a760b-22,0,3,3,1,65.78,117.63681984361106,3.0039000000000016
TRY-UNI-714a760b-24,0,2,3,2,77.81,110.45679779842592,2.9057000000000004
WAR-XCH-eb7b662f-2,0,2,3,2,77.81,114.39512191091094,3.25068
WAR-XCH-eb7b662f-4,0,2,3,3,74.25,108.43183386724165,3.0846
WAR-XCH-eb7b662f-5,0,2,2,2,54.02,110.00254222944223,3.687420000000001
DAR-DIA-842b4336-3,0,2,3,2,54.02,97.33963927297206,3.0955200000000005
DAR-DIA-842b4336-4,0,2,3,2,54.02,101.27796338545713,3.440500000000001
DAR-DIA-842b4336-7,0,2,4,2,80.05,91.71325324758386,2.0220199999999995
DAR-DIA-842b4336-13,0,3,3,1,41.99,102.09304331624568,2.9777000000000005
DAR-DIA-842b4336-18,0,3,3,2,57.78,114.04554415651009,3.1140200000000013
DAR-DIA-23aa0b97-1,0,3,3,2,81.57000000000002,120.79776056756735,2.61578
DAR-DIA-23aa0b97-2,0,3,4,2,94.46,120.01740854851386,2.01078
DAR-DIA-23aa0b97-5,0,2,3,2,77.81,104.0918556840293,2.59728
DAR-DIA-23aa0b97-8,0,2,4,3,103.83,109.431746381042,2.17948
DAR-DIA-23aa0b97-11,0,2,3,3,93.6,119.9826806367788,3.0785800000000005
DAR-DIA-23aa0b97-12,0,3,2,2,57.78,120.34350499858371,3.3975000000000013
DAR-DIA-23aa0b97-13,0,2,3,3,80.03999999999998,108.97749081205838,2.9612000000000007
DAR-DIA-23aa0b97-14,0,2,2,2,54.02,103.63760011504564,3.3790000000000013
DAR-DIA-23aa0b97-15,0,2,3,2,66.91,102.85724809599212,2.7739999999999996
DAR-DIA-23aa0b97-17,0,3,4,1,78.67,104.12658359576434,1.5294799999999995
DAR-DIA-23aa0b97-19,0,3,3,1,65.78,127.58860014655303,3.2876800000000017
DAR-DIA-23aa0b97-20,0,3,2,1,41.99,116.83107835068778,3.4160000000000013
ANT-DIA-3c79be55-4,0,4,5,1,89.27,109.93408357921257,1.4715
